start_id,start_label,type,end_id,end_label,frecuencia_produccion,cantidad_minima
4,Proveedor,PRODUCE,2423,Producto,Diario,161
12,Proveedor,PRODUCE,1920,Producto,Mensual,286
8,Proveedor,PRODUCE,2066,Producto,Mensual,348
0,Proveedor,PRODUCE,2793,Producto,Semanal,133
7,Proveedor,PRODUCE,718,Producto,Mensual,204
15,Proveedor,PRODUCE,1775,Producto,Trimestral,299
19,Proveedor,PRODUCE,1850,Producto,Semanal,210
15,Proveedor,PRODUCE,2114,Producto,Diario,83
4,Proveedor,PRODUCE,2917,Producto,Trimestral,170
15,Proveedor,PRODUCE,1131,Producto,Diario,334
7,Proveedor,PRODUCE,35,Producto,Diario,68
19,Proveedor,PRODUCE,330,Producto,Diario,474
16,Proveedor,PRODUCE,530,Producto,Diario,490
10,Proveedor,PRODUCE,2849,Producto,Diario,84
11,Proveedor,PRODUCE,1688,Producto,Diario,123
0,Proveedor,PRODUCE,622,Producto,Mensual,150
6,Proveedor,PRODUCE,1036,Producto,Trimestral,192
0,Proveedor,PRODUCE,2558,Producto,Semanal,114
8,Proveedor,PRODUCE,1942,Producto,Trimestral,285
7,Proveedor,PRODUCE,549,Producto,Diario,235
8,Proveedor,PRODUCE,1362,Producto,Trimestral,273
10,Proveedor,PRODUCE,809,Producto,Mensual,162
0,Proveedor,PRODUCE,773,Producto,Mensual,50
13,Proveedor,PRODUCE,1959,Producto,Mensual,238
1,Proveedor,PRODUCE,714,Producto,Trimestral,324
1,Proveedor,PRODUCE,310,Producto,Diario,154
1,Proveedor,PRODUCE,85,Producto,Diario,197
0,Proveedor,PRODUCE,2650,Producto,Semanal,211
14,Proveedor,PRODUCE,2752,Producto,Trimestral,58
11,Proveedor,PRODUCE,2248,Producto,Semanal,71
16,Proveedor,PRODUCE,1603,Producto,Diario,372
5,Proveedor,PRODUCE,1525,Producto,Diario,227
3,Proveedor,PRODUCE,195,Producto,Semanal,152
12,Proveedor,PRODUCE,805,Producto,Mensual,89
9,Proveedor,PRODUCE,76,Producto,Semanal,486
1,Proveedor,PRODUCE,2646,Producto,Trimestral,448
5,Proveedor,PRODUCE,349,Producto,Trimestral,192
1,Proveedor,PRODUCE,2307,Producto,Diario,211
6,Proveedor,PRODUCE,2459,Producto,Mensual,360
2,Proveedor,PRODUCE,368,Producto,Mensual,276
5,Proveedor,PRODUCE,1538,Producto,Mensual,347
7,Proveedor,PRODUCE,535,Producto,Trimestral,72
14,Proveedor,PRODUCE,2186,Producto,Mensual,451
15,Proveedor,PRODUCE,1866,Producto,Mensual,298
1,Proveedor,PRODUCE,1823,Producto,Diario,261
5,Proveedor,PRODUCE,2343,Producto,Semanal,132
14,Proveedor,PRODUCE,621,Producto,Diario,216
14,Proveedor,PRODUCE,1625,Producto,Diario,176
12,Proveedor,PRODUCE,1782,Producto,Diario,424
9,Proveedor,PRODUCE,970,Producto,Diario,430
11,Proveedor,PRODUCE,2983,Producto,Mensual,373
14,Proveedor,PRODUCE,1713,Producto,Trimestral,311
5,Proveedor,PRODUCE,919,Producto,Semanal,280
12,Proveedor,PRODUCE,2004,Producto,Diario,95
12,Proveedor,PRODUCE,2348,Producto,Diario,231
4,Proveedor,PRODUCE,2208,Producto,Trimestral,207
4,Proveedor,PRODUCE,1030,Producto,Semanal,131
14,Proveedor,PRODUCE,1339,Producto,Diario,238
4,Proveedor,PRODUCE,2112,Producto,Diario,118
16,Proveedor,PRODUCE,1416,Producto,Trimestral,320
4,Proveedor,PRODUCE,351,Producto,Trimestral,63
12,Proveedor,PRODUCE,533,Producto,Diario,317
12,Proveedor,PRODUCE,2418,Producto,Mensual,326
4,Proveedor,PRODUCE,2947,Producto,Trimestral,124
18,Proveedor,PRODUCE,2637,Producto,Mensual,437
2,Proveedor,PRODUCE,330,Producto,Trimestral,486
7,Proveedor,PRODUCE,1782,Producto,Semanal,447
19,Proveedor,PRODUCE,1736,Producto,Diario,60
11,Proveedor,PRODUCE,340,Producto,Diario,205
10,Proveedor,PRODUCE,1073,Producto,Semanal,354
8,Proveedor,PRODUCE,1198,Producto,Semanal,487
4,Proveedor,PRODUCE,2008,Producto,Mensual,352
4,Proveedor,PRODUCE,1204,Producto,Semanal,366
6,Proveedor,PRODUCE,590,Producto,Semanal,280
19,Proveedor,PRODUCE,2810,Producto,Semanal,452
5,Proveedor,PRODUCE,51,Producto,Semanal,314
13,Proveedor,PRODUCE,104,Producto,Semanal,315
19,Proveedor,PRODUCE,2477,Producto,Diario,165
8,Proveedor,PRODUCE,322,Producto,Diario,67
14,Proveedor,PRODUCE,367,Producto,Trimestral,463
14,Proveedor,PRODUCE,219,Producto,Mensual,107
10,Proveedor,PRODUCE,2101,Producto,Semanal,301
10,Proveedor,PRODUCE,2551,Producto,Mensual,94
18,Proveedor,PRODUCE,1991,Producto,Diario,156
15,Proveedor,PRODUCE,2618,Producto,Trimestral,202
19,Proveedor,PRODUCE,39,Producto,Trimestral,465
6,Proveedor,PRODUCE,2708,Producto,Semanal,77
8,Proveedor,PRODUCE,776,Producto,Trimestral,468
7,Proveedor,PRODUCE,574,Producto,Mensual,450
17,Proveedor,PRODUCE,1497,Producto,Semanal,484
15,Proveedor,PRODUCE,1777,Producto,Mensual,60
19,Proveedor,PRODUCE,684,Producto,Diario,288
12,Proveedor,PRODUCE,2185,Producto,Trimestral,159
11,Proveedor,PRODUCE,647,Producto,Diario,285
5,Proveedor,PRODUCE,779,Producto,Mensual,158
14,Proveedor,PRODUCE,2250,Producto,Diario,348
19,Proveedor,PRODUCE,349,Producto,Semanal,347
18,Proveedor,PRODUCE,2836,Producto,Trimestral,130
2,Proveedor,PRODUCE,382,Producto,Mensual,487
15,Proveedor,PRODUCE,1110,Producto,Diario,448
4,Proveedor,PRODUCE,338,Producto,Trimestral,473
16,Proveedor,PRODUCE,2402,Producto,Semanal,462
7,Proveedor,PRODUCE,1814,Producto,Semanal,128
9,Proveedor,PRODUCE,2548,Producto,Trimestral,171
19,Proveedor,PRODUCE,613,Producto,Mensual,157
11,Proveedor,PRODUCE,2054,Producto,Semanal,106
16,Proveedor,PRODUCE,2283,Producto,Diario,270
17,Proveedor,PRODUCE,1986,Producto,Mensual,303
3,Proveedor,PRODUCE,920,Producto,Semanal,282
15,Proveedor,PRODUCE,715,Producto,Trimestral,413
9,Proveedor,PRODUCE,1137,Producto,Trimestral,249
5,Proveedor,PRODUCE,612,Producto,Diario,157
11,Proveedor,PRODUCE,2330,Producto,Trimestral,145
9,Proveedor,PRODUCE,365,Producto,Diario,467
1,Proveedor,PRODUCE,1582,Producto,Diario,454
11,Proveedor,PRODUCE,1417,Producto,Mensual,444
7,Proveedor,PRODUCE,1691,Producto,Mensual,189
2,Proveedor,PRODUCE,264,Producto,Semanal,364
6,Proveedor,PRODUCE,1729,Producto,Trimestral,289
6,Proveedor,PRODUCE,569,Producto,Trimestral,324
19,Proveedor,PRODUCE,398,Producto,Mensual,175
8,Proveedor,PRODUCE,2286,Producto,Trimestral,249
19,Proveedor,PRODUCE,1919,Producto,Diario,357
13,Proveedor,PRODUCE,99,Producto,Mensual,443
0,Proveedor,PRODUCE,1074,Producto,Mensual,108
5,Proveedor,PRODUCE,2657,Producto,Diario,402
8,Proveedor,PRODUCE,51,Producto,Mensual,326
12,Proveedor,PRODUCE,2196,Producto,Semanal,160
7,Proveedor,PRODUCE,2629,Producto,Diario,183
6,Proveedor,PRODUCE,1178,Producto,Mensual,215
16,Proveedor,PRODUCE,530,Producto,Diario,199
5,Proveedor,PRODUCE,1317,Producto,Semanal,163
16,Proveedor,PRODUCE,2191,Producto,Semanal,164
15,Proveedor,PRODUCE,112,Producto,Trimestral,258
5,Proveedor,PRODUCE,1024,Producto,Trimestral,495
10,Proveedor,PRODUCE,1474,Producto,Mensual,327
7,Proveedor,PRODUCE,1499,Producto,Semanal,94
3,Proveedor,PRODUCE,2887,Producto,Diario,134
15,Proveedor,PRODUCE,2355,Producto,Trimestral,202
14,Proveedor,PRODUCE,251,Producto,Trimestral,136
8,Proveedor,PRODUCE,2535,Producto,Semanal,63
2,Proveedor,PRODUCE,2125,Producto,Diario,163
13,Proveedor,PRODUCE,882,Producto,Semanal,77
3,Proveedor,PRODUCE,1385,Producto,Mensual,470
19,Proveedor,PRODUCE,553,Producto,Diario,273
19,Proveedor,PRODUCE,1010,Producto,Diario,156
18,Proveedor,PRODUCE,768,Producto,Trimestral,339
16,Proveedor,PRODUCE,1762,Producto,Diario,269
16,Proveedor,PRODUCE,2399,Producto,Semanal,85
2,Proveedor,PRODUCE,2583,Producto,Semanal,426
0,Proveedor,PRODUCE,1459,Producto,Mensual,108
8,Proveedor,PRODUCE,840,Producto,Mensual,365
14,Proveedor,PRODUCE,1699,Producto,Diario,337
0,Proveedor,PRODUCE,1556,Producto,Trimestral,457
12,Proveedor,PRODUCE,1745,Producto,Diario,405
5,Proveedor,PRODUCE,911,Producto,Trimestral,294
7,Proveedor,PRODUCE,2192,Producto,Trimestral,71
5,Proveedor,PRODUCE,2296,Producto,Diario,472
5,Proveedor,PRODUCE,2741,Producto,Trimestral,475
10,Proveedor,PRODUCE,9,Producto,Mensual,234
8,Proveedor,PRODUCE,128,Producto,Mensual,492
9,Proveedor,PRODUCE,50,Producto,Mensual,171
19,Proveedor,PRODUCE,1404,Producto,Trimestral,472
2,Proveedor,PRODUCE,1018,Producto,Mensual,243
7,Proveedor,PRODUCE,411,Producto,Semanal,160
12,Proveedor,PRODUCE,435,Producto,Diario,304
9,Proveedor,PRODUCE,1692,Producto,Mensual,168
11,Proveedor,PRODUCE,1190,Producto,Diario,448
2,Proveedor,PRODUCE,2464,Producto,Trimestral,370
11,Proveedor,PRODUCE,809,Producto,Trimestral,197
9,Proveedor,PRODUCE,904,Producto,Semanal,196
17,Proveedor,PRODUCE,1631,Producto,Mensual,257
17,Proveedor,PRODUCE,2019,Producto,Diario,451
7,Proveedor,PRODUCE,178,Producto,Trimestral,156
17,Proveedor,PRODUCE,2409,Producto,Mensual,287
19,Proveedor,PRODUCE,1292,Producto,Semanal,305
6,Proveedor,PRODUCE,2735,Producto,Semanal,473
1,Proveedor,PRODUCE,2758,Producto,Trimestral,484
4,Proveedor,PRODUCE,773,Producto,Semanal,309
7,Proveedor,PRODUCE,1656,Producto,Mensual,64
13,Proveedor,PRODUCE,1787,Producto,Mensual,478
4,Proveedor,PRODUCE,1439,Producto,Semanal,176
9,Proveedor,PRODUCE,789,Producto,Mensual,299
2,Proveedor,PRODUCE,2954,Producto,Semanal,296
13,Proveedor,PRODUCE,690,Producto,Semanal,339
6,Proveedor,PRODUCE,2641,Producto,Diario,286
15,Proveedor,PRODUCE,927,Producto,Diario,213
0,Proveedor,PRODUCE,1655,Producto,Diario,169
0,Proveedor,PRODUCE,2159,Producto,Diario,457
17,Proveedor,PRODUCE,2564,Producto,Semanal,186
2,Proveedor,PRODUCE,2421,Producto,Mensual,317
11,Proveedor,PRODUCE,673,Producto,Mensual,417
14,Proveedor,PRODUCE,271,Producto,Diario,466
19,Proveedor,PRODUCE,2729,Producto,Mensual,325
11,Proveedor,PRODUCE,2347,Producto,Trimestral,162
14,Proveedor,PRODUCE,427,Producto,Semanal,252
1,Proveedor,PRODUCE,1094,Producto,Mensual,287
18,Proveedor,PRODUCE,1374,Producto,Trimestral,220
14,Proveedor,PRODUCE,2267,Producto,Trimestral,64
2,Proveedor,PRODUCE,2014,Producto,Mensual,228
4,Proveedor,PRODUCE,373,Producto,Diario,213
14,Proveedor,PRODUCE,1702,Producto,Trimestral,376
0,Proveedor,PRODUCE,1580,Producto,Trimestral,181
9,Proveedor,PRODUCE,93,Producto,Trimestral,375
18,Proveedor,PRODUCE,2277,Producto,Trimestral,450
8,Proveedor,PRODUCE,1644,Producto,Mensual,339
13,Proveedor,PRODUCE,829,Producto,Semanal,478
18,Proveedor,PRODUCE,899,Producto,Semanal,456
8,Proveedor,PRODUCE,2714,Producto,Mensual,354
13,Proveedor,PRODUCE,1893,Producto,Semanal,421
12,Proveedor,PRODUCE,2343,Producto,Diario,81
4,Proveedor,PRODUCE,777,Producto,Semanal,306
16,Proveedor,PRODUCE,1197,Producto,Mensual,392
0,Proveedor,PRODUCE,1901,Producto,Diario,340
18,Proveedor,PRODUCE,2691,Producto,Semanal,318
5,Proveedor,PRODUCE,2571,Producto,Mensual,191
17,Proveedor,PRODUCE,457,Producto,Mensual,422
11,Proveedor,PRODUCE,1831,Producto,Trimestral,55
2,Proveedor,PRODUCE,1467,Producto,Mensual,468
13,Proveedor,PRODUCE,976,Producto,Trimestral,320
10,Proveedor,PRODUCE,280,Producto,Trimestral,388
16,Proveedor,PRODUCE,428,Producto,Trimestral,337
9,Proveedor,PRODUCE,583,Producto,Diario,136
11,Proveedor,PRODUCE,1250,Producto,Semanal,418
17,Proveedor,PRODUCE,1970,Producto,Diario,342
15,Proveedor,PRODUCE,2297,Producto,Trimestral,356
4,Proveedor,PRODUCE,2133,Producto,Mensual,60
14,Proveedor,PRODUCE,1671,Producto,Diario,160
5,Proveedor,PRODUCE,1972,Producto,Mensual,440
12,Proveedor,PRODUCE,988,Producto,Semanal,208
12,Proveedor,PRODUCE,2198,Producto,Diario,363
16,Proveedor,PRODUCE,905,Producto,Diario,91
5,Proveedor,PRODUCE,826,Producto,Semanal,436
17,Proveedor,PRODUCE,1771,Producto,Diario,469
3,Proveedor,PRODUCE,675,Producto,Semanal,221
19,Proveedor,PRODUCE,664,Producto,Semanal,84
10,Proveedor,PRODUCE,1353,Producto,Mensual,118
4,Proveedor,PRODUCE,2163,Producto,Mensual,54
13,Proveedor,PRODUCE,88,Producto,Mensual,146
16,Proveedor,PRODUCE,1544,Producto,Mensual,449
13,Proveedor,PRODUCE,1417,Producto,Semanal,233
19,Proveedor,PRODUCE,582,Producto,Diario,354
3,Proveedor,PRODUCE,1047,Producto,Trimestral,302
8,Proveedor,PRODUCE,1282,Producto,Mensual,311
14,Proveedor,PRODUCE,915,Producto,Mensual,496
12,Proveedor,PRODUCE,581,Producto,Diario,194
12,Proveedor,PRODUCE,2196,Producto,Diario,324
5,Proveedor,PRODUCE,2738,Producto,Semanal,463
19,Proveedor,PRODUCE,1968,Producto,Diario,481
19,Proveedor,PRODUCE,832,Producto,Diario,234
0,Proveedor,PRODUCE,912,Producto,Semanal,488
19,Proveedor,PRODUCE,777,Producto,Mensual,491
16,Proveedor,PRODUCE,2736,Producto,Trimestral,472
14,Proveedor,PRODUCE,436,Producto,Trimestral,279
16,Proveedor,PRODUCE,1358,Producto,Diario,298
16,Proveedor,PRODUCE,282,Producto,Diario,268
2,Proveedor,PRODUCE,1631,Producto,Semanal,445
13,Proveedor,PRODUCE,1588,Producto,Semanal,52
18,Proveedor,PRODUCE,743,Producto,Semanal,126
8,Proveedor,PRODUCE,38,Producto,Semanal,54
14,Proveedor,PRODUCE,788,Producto,Mensual,358
14,Proveedor,PRODUCE,2969,Producto,Diario,112
7,Proveedor,PRODUCE,0,Producto,Trimestral,321
11,Proveedor,PRODUCE,1131,Producto,Diario,201
15,Proveedor,PRODUCE,261,Producto,Mensual,61
6,Proveedor,PRODUCE,903,Producto,Diario,372
11,Proveedor,PRODUCE,2915,Producto,Diario,57
3,Proveedor,PRODUCE,1404,Producto,Mensual,168
15,Proveedor,PRODUCE,1917,Producto,Diario,297
6,Proveedor,PRODUCE,2235,Producto,Mensual,405
10,Proveedor,PRODUCE,2075,Producto,Semanal,441
17,Proveedor,PRODUCE,2274,Producto,Trimestral,360
10,Proveedor,PRODUCE,971,Producto,Trimestral,50
12,Proveedor,PRODUCE,989,Producto,Trimestral,435
16,Proveedor,PRODUCE,1436,Producto,Mensual,55
18,Proveedor,PRODUCE,1590,Producto,Trimestral,70
17,Proveedor,PRODUCE,1784,Producto,Mensual,358
4,Proveedor,PRODUCE,2317,Producto,Diario,210
9,Proveedor,PRODUCE,2664,Producto,Trimestral,377
10,Proveedor,PRODUCE,1923,Producto,Diario,394
10,Proveedor,PRODUCE,1515,Producto,Semanal,472
0,Proveedor,PRODUCE,2262,Producto,Mensual,491
5,Proveedor,PRODUCE,2744,Producto,Diario,248
6,Proveedor,PRODUCE,1411,Producto,Trimestral,442
10,Proveedor,PRODUCE,1379,Producto,Diario,337
3,Proveedor,PRODUCE,667,Producto,Mensual,255
19,Proveedor,PRODUCE,2757,Producto,Diario,452
2,Proveedor,PRODUCE,304,Producto,Diario,359
14,Proveedor,PRODUCE,2279,Producto,Semanal,273
8,Proveedor,PRODUCE,2820,Producto,Diario,76
2,Proveedor,PRODUCE,1809,Producto,Diario,449
13,Proveedor,PRODUCE,983,Producto,Semanal,281
12,Proveedor,PRODUCE,884,Producto,Diario,278
14,Proveedor,PRODUCE,1393,Producto,Diario,484
8,Proveedor,PRODUCE,2518,Producto,Mensual,268
11,Proveedor,PRODUCE,1561,Producto,Mensual,428
3,Proveedor,PRODUCE,1381,Producto,Mensual,340
16,Proveedor,PRODUCE,593,Producto,Semanal,223
19,Proveedor,PRODUCE,732,Producto,Trimestral,475
5,Proveedor,PRODUCE,828,Producto,Trimestral,297
0,Proveedor,PRODUCE,563,Producto,Semanal,422
19,Proveedor,PRODUCE,2858,Producto,Semanal,303
18,Proveedor,PRODUCE,1298,Producto,Diario,406
15,Proveedor,PRODUCE,2480,Producto,Trimestral,224
17,Proveedor,PRODUCE,2534,Producto,Semanal,327
7,Proveedor,PRODUCE,1329,Producto,Mensual,139
14,Proveedor,PRODUCE,370,Producto,Semanal,279
1,Proveedor,PRODUCE,103,Producto,Trimestral,69
10,Proveedor,PRODUCE,976,Producto,Trimestral,361
7,Proveedor,PRODUCE,2438,Producto,Diario,284
1,Proveedor,PRODUCE,2973,Producto,Semanal,160
6,Proveedor,PRODUCE,779,Producto,Mensual,168
5,Proveedor,PRODUCE,1117,Producto,Trimestral,409
10,Proveedor,PRODUCE,1341,Producto,Diario,148
0,Proveedor,PRODUCE,36,Producto,Trimestral,206
2,Proveedor,PRODUCE,1090,Producto,Semanal,210
14,Proveedor,PRODUCE,933,Producto,Mensual,201
12,Proveedor,PRODUCE,2778,Producto,Diario,349
6,Proveedor,PRODUCE,887,Producto,Semanal,96
18,Proveedor,PRODUCE,2571,Producto,Diario,393
7,Proveedor,PRODUCE,1708,Producto,Diario,439
3,Proveedor,PRODUCE,1088,Producto,Diario,96
10,Proveedor,PRODUCE,2333,Producto,Mensual,499
14,Proveedor,PRODUCE,2126,Producto,Trimestral,189
8,Proveedor,PRODUCE,773,Producto,Trimestral,270
10,Proveedor,PRODUCE,134,Producto,Trimestral,345
8,Proveedor,PRODUCE,2622,Producto,Trimestral,202
0,Proveedor,PRODUCE,2712,Producto,Diario,453
18,Proveedor,PRODUCE,108,Producto,Diario,405
5,Proveedor,PRODUCE,1433,Producto,Semanal,303
14,Proveedor,PRODUCE,2494,Producto,Mensual,94
11,Proveedor,PRODUCE,101,Producto,Mensual,71
1,Proveedor,PRODUCE,2808,Producto,Diario,414
3,Proveedor,PRODUCE,1511,Producto,Diario,226
1,Proveedor,PRODUCE,1339,Producto,Semanal,470
15,Proveedor,PRODUCE,335,Producto,Diario,90
0,Proveedor,PRODUCE,1356,Producto,Trimestral,231
14,Proveedor,PRODUCE,1976,Producto,Mensual,445
15,Proveedor,PRODUCE,2812,Producto,Semanal,262
1,Proveedor,PRODUCE,1258,Producto,Semanal,386
19,Proveedor,PRODUCE,1437,Producto,Mensual,128
10,Proveedor,PRODUCE,2608,Producto,Semanal,185
17,Proveedor,PRODUCE,2767,Producto,Mensual,205
8,Proveedor,PRODUCE,1866,Producto,Diario,210
17,Proveedor,PRODUCE,2896,Producto,Trimestral,104
2,Proveedor,PRODUCE,2643,Producto,Semanal,52
9,Proveedor,PRODUCE,1038,Producto,Diario,245
16,Proveedor,PRODUCE,1102,Producto,Mensual,167
6,Proveedor,PRODUCE,455,Producto,Diario,200
3,Proveedor,PRODUCE,2998,Producto,Trimestral,211
0,Proveedor,PRODUCE,2058,Producto,Semanal,472
6,Proveedor,PRODUCE,2853,Producto,Trimestral,248
8,Proveedor,PRODUCE,664,Producto,Trimestral,372
1,Proveedor,PRODUCE,372,Producto,Semanal,385
12,Proveedor,PRODUCE,1298,Producto,Semanal,439
9,Proveedor,PRODUCE,1470,Producto,Semanal,123
17,Proveedor,PRODUCE,1556,Producto,Diario,289
14,Proveedor,PRODUCE,1854,Producto,Mensual,70
11,Proveedor,PRODUCE,548,Producto,Diario,214
4,Proveedor,PRODUCE,412,Producto,Semanal,292
19,Proveedor,PRODUCE,215,Producto,Mensual,433
1,Proveedor,PRODUCE,1853,Producto,Trimestral,328
8,Proveedor,PRODUCE,2056,Producto,Trimestral,431
7,Proveedor,PRODUCE,680,Producto,Semanal,229
12,Proveedor,PRODUCE,2401,Producto,Mensual,162
9,Proveedor,PRODUCE,1504,Producto,Trimestral,192
6,Proveedor,PRODUCE,784,Producto,Diario,209
3,Proveedor,PRODUCE,2779,Producto,Mensual,495
1,Proveedor,PRODUCE,2036,Producto,Mensual,236
4,Proveedor,PRODUCE,2659,Producto,Diario,361
15,Proveedor,PRODUCE,98,Producto,Diario,292
3,Proveedor,PRODUCE,1962,Producto,Trimestral,453
6,Proveedor,PRODUCE,16,Producto,Diario,320
8,Proveedor,PRODUCE,699,Producto,Trimestral,374
11,Proveedor,PRODUCE,1534,Producto,Mensual,247
11,Proveedor,PRODUCE,1011,Producto,Mensual,424
12,Proveedor,PRODUCE,146,Producto,Trimestral,299
1,Proveedor,PRODUCE,2582,Producto,Semanal,334
0,Proveedor,PRODUCE,1258,Producto,Diario,440
0,Proveedor,PRODUCE,537,Producto,Semanal,93
10,Proveedor,PRODUCE,2419,Producto,Diario,115
11,Proveedor,PRODUCE,2474,Producto,Mensual,64
14,Proveedor,PRODUCE,2191,Producto,Mensual,429
18,Proveedor,PRODUCE,942,Producto,Mensual,56
15,Proveedor,PRODUCE,1589,Producto,Diario,99
10,Proveedor,PRODUCE,1822,Producto,Trimestral,192
4,Proveedor,PRODUCE,2585,Producto,Diario,455
15,Proveedor,PRODUCE,681,Producto,Diario,250
5,Proveedor,PRODUCE,2370,Producto,Semanal,64
10,Proveedor,PRODUCE,2331,Producto,Trimestral,64
19,Proveedor,PRODUCE,1380,Producto,Trimestral,384
7,Proveedor,PRODUCE,2384,Producto,Trimestral,435
19,Proveedor,PRODUCE,1524,Producto,Semanal,219
12,Proveedor,PRODUCE,976,Producto,Semanal,62
15,Proveedor,PRODUCE,945,Producto,Diario,389
7,Proveedor,PRODUCE,161,Producto,Trimestral,456
2,Proveedor,PRODUCE,2693,Producto,Diario,59
17,Proveedor,PRODUCE,2023,Producto,Diario,163
5,Proveedor,PRODUCE,1394,Producto,Diario,181
15,Proveedor,PRODUCE,790,Producto,Mensual,152
16,Proveedor,PRODUCE,1973,Producto,Mensual,101
10,Proveedor,PRODUCE,268,Producto,Mensual,231
18,Proveedor,PRODUCE,495,Producto,Mensual,392
10,Proveedor,PRODUCE,1884,Producto,Mensual,320
0,Proveedor,PRODUCE,627,Producto,Mensual,452
5,Proveedor,PRODUCE,1815,Producto,Mensual,270
13,Proveedor,PRODUCE,534,Producto,Semanal,408
11,Proveedor,PRODUCE,963,Producto,Semanal,268
7,Proveedor,PRODUCE,1676,Producto,Trimestral,87
19,Proveedor,PRODUCE,1715,Producto,Semanal,298
9,Proveedor,PRODUCE,1350,Producto,Mensual,432
17,Proveedor,PRODUCE,1453,Producto,Semanal,61
19,Proveedor,PRODUCE,388,Producto,Trimestral,101
19,Proveedor,PRODUCE,495,Producto,Semanal,133
13,Proveedor,PRODUCE,785,Producto,Diario,138
4,Proveedor,PRODUCE,657,Producto,Semanal,465
3,Proveedor,PRODUCE,2220,Producto,Diario,248
8,Proveedor,PRODUCE,1998,Producto,Semanal,288
12,Proveedor,PRODUCE,1223,Producto,Mensual,199
7,Proveedor,PRODUCE,1546,Producto,Semanal,135
12,Proveedor,PRODUCE,1271,Producto,Trimestral,359
7,Proveedor,PRODUCE,701,Producto,Semanal,158
14,Proveedor,PRODUCE,2770,Producto,Diario,313
3,Proveedor,PRODUCE,626,Producto,Mensual,298
15,Proveedor,PRODUCE,2330,Producto,Diario,481
15,Proveedor,PRODUCE,778,Producto,Diario,306
0,Proveedor,PRODUCE,2286,Producto,Trimestral,146
8,Proveedor,PRODUCE,1022,Producto,Semanal,338
12,Proveedor,PRODUCE,464,Producto,Diario,415
1,Proveedor,PRODUCE,274,Producto,Semanal,350
15,Proveedor,PRODUCE,2529,Producto,Trimestral,477
14,Proveedor,PRODUCE,475,Producto,Mensual,485
18,Proveedor,PRODUCE,2674,Producto,Trimestral,275
1,Proveedor,PRODUCE,1717,Producto,Semanal,175
14,Proveedor,PRODUCE,2626,Producto,Semanal,278
14,Proveedor,PRODUCE,1382,Producto,Diario,221
10,Proveedor,PRODUCE,147,Producto,Semanal,262
0,Proveedor,PRODUCE,114,Producto,Mensual,497
12,Proveedor,PRODUCE,109,Producto,Semanal,336
10,Proveedor,PRODUCE,1601,Producto,Mensual,115
11,Proveedor,PRODUCE,1689,Producto,Trimestral,437
6,Proveedor,PRODUCE,2147,Producto,Mensual,296
9,Proveedor,PRODUCE,2487,Producto,Semanal,343
2,Proveedor,PRODUCE,2301,Producto,Trimestral,201
8,Proveedor,PRODUCE,2344,Producto,Trimestral,236
14,Proveedor,PRODUCE,7,Producto,Mensual,319
4,Proveedor,PRODUCE,785,Producto,Trimestral,344
0,Proveedor,PRODUCE,622,Producto,Diario,107
1,Proveedor,PRODUCE,1412,Producto,Trimestral,163
18,Proveedor,PRODUCE,1488,Producto,Diario,324
1,Proveedor,PRODUCE,1170,Producto,Trimestral,241
1,Proveedor,PRODUCE,1539,Producto,Semanal,440
16,Proveedor,PRODUCE,264,Producto,Trimestral,142
16,Proveedor,PRODUCE,1816,Producto,Trimestral,262
13,Proveedor,PRODUCE,2948,Producto,Diario,78
17,Proveedor,PRODUCE,268,Producto,Semanal,253
18,Proveedor,PRODUCE,2591,Producto,Diario,277
1,Proveedor,PRODUCE,2779,Producto,Diario,66
4,Proveedor,PRODUCE,1539,Producto,Trimestral,138
8,Proveedor,PRODUCE,1323,Producto,Diario,133
0,Proveedor,PRODUCE,115,Producto,Semanal,158
8,Proveedor,PRODUCE,2127,Producto,Semanal,228
10,Proveedor,PRODUCE,809,Producto,Semanal,399
0,Proveedor,PRODUCE,1139,Producto,Trimestral,92
19,Proveedor,PRODUCE,67,Producto,Trimestral,315
3,Proveedor,PRODUCE,1565,Producto,Trimestral,471
14,Proveedor,PRODUCE,1511,Producto,Semanal,408
3,Proveedor,PRODUCE,310,Producto,Mensual,190
6,Proveedor,PRODUCE,1614,Producto,Semanal,167
7,Proveedor,PRODUCE,533,Producto,Trimestral,420
18,Proveedor,PRODUCE,70,Producto,Diario,52
13,Proveedor,PRODUCE,767,Producto,Trimestral,336
10,Proveedor,PRODUCE,2249,Producto,Semanal,495
6,Proveedor,PRODUCE,1204,Producto,Diario,222
12,Proveedor,PRODUCE,2674,Producto,Mensual,471
19,Proveedor,PRODUCE,366,Producto,Trimestral,406
18,Proveedor,PRODUCE,2163,Producto,Mensual,94
16,Proveedor,PRODUCE,2381,Producto,Mensual,316
4,Proveedor,PRODUCE,2431,Producto,Trimestral,481
11,Proveedor,PRODUCE,1359,Producto,Semanal,181
11,Proveedor,PRODUCE,1743,Producto,Diario,373
8,Proveedor,PRODUCE,1538,Producto,Trimestral,97
2,Proveedor,PRODUCE,1931,Producto,Diario,333
19,Proveedor,PRODUCE,414,Producto,Semanal,424
14,Proveedor,PRODUCE,2886,Producto,Mensual,423
10,Proveedor,PRODUCE,775,Producto,Mensual,474
13,Proveedor,PRODUCE,721,Producto,Mensual,368
14,Proveedor,PRODUCE,1000,Producto,Diario,401
10,Proveedor,PRODUCE,2673,Producto,Trimestral,146
18,Proveedor,PRODUCE,1992,Producto,Mensual,281
3,Proveedor,PRODUCE,656,Producto,Diario,333
9,Proveedor,PRODUCE,2724,Producto,Diario,465
3,Proveedor,PRODUCE,2953,Producto,Diario,206
0,Proveedor,PRODUCE,556,Producto,Diario,205
13,Proveedor,PRODUCE,482,Producto,Mensual,463
13,Proveedor,PRODUCE,1372,Producto,Semanal,377
16,Proveedor,PRODUCE,1171,Producto,Semanal,462
8,Proveedor,PRODUCE,1289,Producto,Diario,380
15,Proveedor,PRODUCE,1347,Producto,Semanal,95
7,Proveedor,PRODUCE,864,Producto,Mensual,355
12,Proveedor,PRODUCE,535,Producto,Trimestral,321
4,Proveedor,PRODUCE,2793,Producto,Mensual,166
18,Proveedor,PRODUCE,933,Producto,Mensual,94
10,Proveedor,PRODUCE,928,Producto,Diario,80
12,Proveedor,PRODUCE,673,Producto,Diario,434
14,Proveedor,PRODUCE,2903,Producto,Semanal,332
5,Proveedor,PRODUCE,1756,Producto,Diario,250
16,Proveedor,PRODUCE,47,Producto,Mensual,327
15,Proveedor,PRODUCE,1587,Producto,Semanal,348
16,Proveedor,PRODUCE,1182,Producto,Semanal,111
6,Proveedor,PRODUCE,2711,Producto,Mensual,471
14,Proveedor,PRODUCE,2017,Producto,Mensual,271
3,Proveedor,PRODUCE,160,Producto,Semanal,404
7,Proveedor,PRODUCE,1788,Producto,Semanal,191
13,Proveedor,PRODUCE,1631,Producto,Trimestral,390
4,Proveedor,PRODUCE,851,Producto,Diario,76
10,Proveedor,PRODUCE,1638,Producto,Semanal,207
2,Proveedor,PRODUCE,1154,Producto,Semanal,163
0,Proveedor,PRODUCE,2087,Producto,Mensual,176
12,Proveedor,PRODUCE,895,Producto,Diario,493
11,Proveedor,PRODUCE,2885,Producto,Diario,57
5,Proveedor,PRODUCE,1003,Producto,Trimestral,174
18,Proveedor,PRODUCE,1524,Producto,Semanal,435
16,Proveedor,PRODUCE,1202,Producto,Mensual,382
9,Proveedor,PRODUCE,459,Producto,Diario,368
14,Proveedor,PRODUCE,2134,Producto,Trimestral,348
16,Proveedor,PRODUCE,2736,Producto,Mensual,173
11,Proveedor,PRODUCE,1654,Producto,Semanal,187
0,Proveedor,PRODUCE,2937,Producto,Semanal,446
7,Proveedor,PRODUCE,2113,Producto,Semanal,72
16,Proveedor,PRODUCE,2274,Producto,Trimestral,184
14,Proveedor,PRODUCE,2944,Producto,Mensual,306
13,Proveedor,PRODUCE,442,Producto,Diario,387
3,Proveedor,PRODUCE,192,Producto,Mensual,251
16,Proveedor,PRODUCE,1270,Producto,Diario,451
8,Proveedor,PRODUCE,2508,Producto,Trimestral,187
11,Proveedor,PRODUCE,1247,Producto,Mensual,282
16,Proveedor,PRODUCE,72,Producto,Diario,167
5,Proveedor,PRODUCE,1779,Producto,Mensual,205
5,Proveedor,PRODUCE,2364,Producto,Mensual,105
14,Proveedor,PRODUCE,256,Producto,Mensual,182
1,Proveedor,PRODUCE,1074,Producto,Trimestral,131
11,Proveedor,PRODUCE,2489,Producto,Trimestral,51
2,Proveedor,PRODUCE,1710,Producto,Mensual,317
10,Proveedor,PRODUCE,2545,Producto,Diario,422
1,Proveedor,PRODUCE,455,Producto,Trimestral,109
0,Proveedor,PRODUCE,250,Producto,Semanal,476
12,Proveedor,PRODUCE,1973,Producto,Mensual,374
5,Proveedor,PRODUCE,2365,Producto,Diario,211
15,Proveedor,PRODUCE,2905,Producto,Semanal,317
5,Proveedor,PRODUCE,1991,Producto,Diario,286
10,Proveedor,PRODUCE,247,Producto,Diario,163
6,Proveedor,PRODUCE,637,Producto,Trimestral,66
1,Proveedor,PRODUCE,383,Producto,Semanal,146
13,Proveedor,PRODUCE,69,Producto,Diario,134
5,Proveedor,PRODUCE,885,Producto,Mensual,175
10,Proveedor,PRODUCE,1281,Producto,Semanal,448
19,Proveedor,PRODUCE,1440,Producto,Trimestral,220
15,Proveedor,PRODUCE,2510,Producto,Mensual,251
4,Proveedor,PRODUCE,394,Producto,Trimestral,231
13,Proveedor,PRODUCE,2829,Producto,Mensual,445
10,Proveedor,PRODUCE,840,Producto,Diario,163
14,Proveedor,PRODUCE,672,Producto,Diario,204
12,Proveedor,PRODUCE,1726,Producto,Trimestral,241
9,Proveedor,PRODUCE,2884,Producto,Semanal,281
4,Proveedor,PRODUCE,1199,Producto,Semanal,86
9,Proveedor,PRODUCE,321,Producto,Trimestral,74
1,Proveedor,PRODUCE,1394,Producto,Trimestral,231
2,Proveedor,PRODUCE,427,Producto,Diario,262
19,Proveedor,PRODUCE,497,Producto,Diario,391
19,Proveedor,PRODUCE,1725,Producto,Semanal,180
0,Proveedor,PRODUCE,126,Producto,Diario,93
17,Proveedor,PRODUCE,1960,Producto,Trimestral,187
12,Proveedor,PRODUCE,1828,Producto,Diario,274
1,Proveedor,PRODUCE,2703,Producto,Trimestral,153
7,Proveedor,PRODUCE,1560,Producto,Diario,385
7,Proveedor,PRODUCE,1286,Producto,Mensual,79
5,Proveedor,PRODUCE,896,Producto,Semanal,226
16,Proveedor,PRODUCE,2123,Producto,Trimestral,497
6,Proveedor,PRODUCE,1341,Producto,Semanal,99
2,Proveedor,PRODUCE,2648,Producto,Trimestral,242
14,Proveedor,PRODUCE,2357,Producto,Mensual,197
4,Proveedor,PRODUCE,373,Producto,Trimestral,478
6,Proveedor,PRODUCE,2334,Producto,Trimestral,249
10,Proveedor,PRODUCE,2800,Producto,Semanal,55
19,Proveedor,PRODUCE,1370,Producto,Diario,495
11,Proveedor,PRODUCE,2934,Producto,Mensual,216
10,Proveedor,PRODUCE,2254,Producto,Trimestral,66
3,Proveedor,PRODUCE,2566,Producto,Semanal,450
10,Proveedor,PRODUCE,106,Producto,Trimestral,188
9,Proveedor,PRODUCE,467,Producto,Trimestral,360
0,Proveedor,PRODUCE,1424,Producto,Diario,319
12,Proveedor,PRODUCE,2822,Producto,Diario,121
2,Proveedor,PRODUCE,1148,Producto,Trimestral,179
15,Proveedor,PRODUCE,2680,Producto,Semanal,494
0,Proveedor,PRODUCE,2293,Producto,Mensual,227
3,Proveedor,PRODUCE,2241,Producto,Trimestral,233
18,Proveedor,PRODUCE,935,Producto,Semanal,477
10,Proveedor,PRODUCE,482,Producto,Diario,170
6,Proveedor,PRODUCE,554,Producto,Diario,324
5,Proveedor,PRODUCE,1420,Producto,Mensual,254
11,Proveedor,PRODUCE,116,Producto,Semanal,57
8,Proveedor,PRODUCE,206,Producto,Semanal,258
15,Proveedor,PRODUCE,2429,Producto,Semanal,162
3,Proveedor,PRODUCE,2755,Producto,Mensual,202
16,Proveedor,PRODUCE,2229,Producto,Trimestral,393
15,Proveedor,PRODUCE,1862,Producto,Semanal,416
0,Proveedor,PRODUCE,2777,Producto,Trimestral,128
14,Proveedor,PRODUCE,218,Producto,Trimestral,454
5,Proveedor,PRODUCE,1866,Producto,Diario,296
7,Proveedor,PRODUCE,503,Producto,Mensual,463
11,Proveedor,PRODUCE,887,Producto,Diario,498
18,Proveedor,PRODUCE,2989,Producto,Diario,156
10,Proveedor,PRODUCE,977,Producto,Trimestral,277
16,Proveedor,PRODUCE,2242,Producto,Mensual,300
16,Proveedor,PRODUCE,670,Producto,Trimestral,154
1,Proveedor,PRODUCE,1063,Producto,Mensual,192
6,Proveedor,PRODUCE,1613,Producto,Diario,476
1,Proveedor,PRODUCE,2619,Producto,Semanal,223
5,Proveedor,PRODUCE,2278,Producto,Trimestral,50
1,Proveedor,PRODUCE,236,Producto,Semanal,322
9,Proveedor,PRODUCE,1564,Producto,Semanal,328
9,Proveedor,PRODUCE,1034,Producto,Mensual,406
7,Proveedor,PRODUCE,1833,Producto,Mensual,424
11,Proveedor,PRODUCE,1127,Producto,Diario,283
4,Proveedor,PRODUCE,1792,Producto,Trimestral,447
15,Proveedor,PRODUCE,2366,Producto,Diario,370
16,Proveedor,PRODUCE,1227,Producto,Mensual,246
9,Proveedor,PRODUCE,2906,Producto,Trimestral,440
1,Proveedor,PRODUCE,518,Producto,Trimestral,306
9,Proveedor,PRODUCE,1708,Producto,Trimestral,241
6,Proveedor,PRODUCE,507,Producto,Semanal,409
4,Proveedor,PRODUCE,1855,Producto,Diario,453
19,Proveedor,PRODUCE,665,Producto,Semanal,339
8,Proveedor,PRODUCE,2764,Producto,Trimestral,195
1,Proveedor,PRODUCE,2550,Producto,Diario,127
12,Proveedor,PRODUCE,1325,Producto,Semanal,412
11,Proveedor,PRODUCE,703,Producto,Semanal,362
4,Proveedor,PRODUCE,1722,Producto,Diario,247
8,Proveedor,PRODUCE,1651,Producto,Diario,488
12,Proveedor,PRODUCE,299,Producto,Mensual,405
12,Proveedor,PRODUCE,2188,Producto,Trimestral,497
5,Proveedor,PRODUCE,819,Producto,Diario,215
14,Proveedor,PRODUCE,1830,Producto,Diario,252
7,Proveedor,PRODUCE,1714,Producto,Semanal,56
3,Proveedor,PRODUCE,714,Producto,Mensual,133
5,Proveedor,PRODUCE,558,Producto,Mensual,382
7,Proveedor,PRODUCE,1104,Producto,Mensual,382
18,Proveedor,PRODUCE,838,Producto,Trimestral,296
10,Proveedor,PRODUCE,1311,Producto,Diario,223
4,Proveedor,PRODUCE,2250,Producto,Semanal,341
9,Proveedor,PRODUCE,148,Producto,Semanal,482
10,Proveedor,PRODUCE,2262,Producto,Trimestral,445
5,Proveedor,PRODUCE,1635,Producto,Mensual,72
6,Proveedor,PRODUCE,2224,Producto,Semanal,289
17,Proveedor,PRODUCE,1810,Producto,Semanal,434
9,Proveedor,PRODUCE,2405,Producto,Mensual,429
16,Proveedor,PRODUCE,2517,Producto,Mensual,305
2,Proveedor,PRODUCE,1038,Producto,Diario,114
0,Proveedor,PRODUCE,689,Producto,Mensual,194
0,Proveedor,PRODUCE,2476,Producto,Semanal,476
10,Proveedor,PRODUCE,207,Producto,Semanal,238
13,Proveedor,PRODUCE,678,Producto,Diario,390
5,Proveedor,PRODUCE,450,Producto,Trimestral,215
10,Proveedor,PRODUCE,2852,Producto,Mensual,312
19,Proveedor,PRODUCE,1239,Producto,Semanal,201
1,Proveedor,PRODUCE,1489,Producto,Trimestral,80
4,Proveedor,PRODUCE,2100,Producto,Semanal,274
9,Proveedor,PRODUCE,1560,Producto,Mensual,360
13,Proveedor,PRODUCE,1772,Producto,Semanal,99
2,Proveedor,PRODUCE,1072,Producto,Semanal,117
9,Proveedor,PRODUCE,2994,Producto,Diario,444
10,Proveedor,PRODUCE,1002,Producto,Semanal,391
8,Proveedor,PRODUCE,2531,Producto,Mensual,58
4,Proveedor,PRODUCE,511,Producto,Diario,465
9,Proveedor,PRODUCE,339,Producto,Diario,289
2,Proveedor,PRODUCE,1152,Producto,Diario,493
19,Proveedor,PRODUCE,357,Producto,Trimestral,173
9,Proveedor,PRODUCE,1487,Producto,Diario,259
16,Proveedor,PRODUCE,266,Producto,Semanal,223
12,Proveedor,PRODUCE,399,Producto,Mensual,146
9,Proveedor,PRODUCE,771,Producto,Mensual,260
18,Proveedor,PRODUCE,2841,Producto,Mensual,466
3,Proveedor,PRODUCE,2998,Producto,Trimestral,424
13,Proveedor,PRODUCE,865,Producto,Diario,348
12,Proveedor,PRODUCE,2639,Producto,Mensual,243
17,Proveedor,PRODUCE,769,Producto,Trimestral,453
14,Proveedor,PRODUCE,2549,Producto,Semanal,305
18,Proveedor,PRODUCE,2941,Producto,Mensual,107
9,Proveedor,PRODUCE,1549,Producto,Mensual,352
13,Proveedor,PRODUCE,947,Producto,Diario,309
7,Proveedor,PRODUCE,650,Producto,Mensual,483
13,Proveedor,PRODUCE,1616,Producto,Diario,472
6,Proveedor,PRODUCE,213,Producto,Diario,151
12,Proveedor,PRODUCE,2853,Producto,Diario,106
5,Proveedor,PRODUCE,2089,Producto,Mensual,246
14,Proveedor,PRODUCE,2718,Producto,Mensual,283
17,Proveedor,PRODUCE,2744,Producto,Semanal,441
13,Proveedor,PRODUCE,1750,Producto,Trimestral,212
9,Proveedor,PRODUCE,450,Producto,Trimestral,179
10,Proveedor,PRODUCE,490,Producto,Trimestral,123
2,Proveedor,PRODUCE,473,Producto,Semanal,439
18,Proveedor,PRODUCE,2215,Producto,Diario,379
16,Proveedor,PRODUCE,725,Producto,Diario,118
7,Proveedor,PRODUCE,1808,Producto,Trimestral,300
11,Proveedor,PRODUCE,831,Producto,Trimestral,125
12,Proveedor,PRODUCE,911,Producto,Trimestral,486
8,Proveedor,PRODUCE,924,Producto,Mensual,156
5,Proveedor,PRODUCE,20,Producto,Semanal,221
3,Proveedor,PRODUCE,2432,Producto,Mensual,114
16,Proveedor,PRODUCE,42,Producto,Diario,235
17,Proveedor,PRODUCE,2080,Producto,Diario,100
9,Proveedor,PRODUCE,1795,Producto,Semanal,311
10,Proveedor,PRODUCE,2395,Producto,Mensual,136
11,Proveedor,PRODUCE,2284,Producto,Semanal,231
7,Proveedor,PRODUCE,136,Producto,Trimestral,314
8,Proveedor,PRODUCE,1633,Producto,Diario,184
9,Proveedor,PRODUCE,1579,Producto,Diario,335
1,Proveedor,PRODUCE,1274,Producto,Trimestral,63
6,Proveedor,PRODUCE,1616,Producto,Semanal,377
9,Proveedor,PRODUCE,69,Producto,Semanal,231
8,Proveedor,PRODUCE,1725,Producto,Mensual,334
2,Proveedor,PRODUCE,838,Producto,Semanal,460
1,Proveedor,PRODUCE,2847,Producto,Semanal,184
18,Proveedor,PRODUCE,1752,Producto,Mensual,198
3,Proveedor,PRODUCE,1648,Producto,Trimestral,194
9,Proveedor,PRODUCE,1923,Producto,Semanal,329
4,Proveedor,PRODUCE,1826,Producto,Semanal,90
3,Proveedor,PRODUCE,759,Producto,Semanal,187
19,Proveedor,PRODUCE,2531,Producto,Mensual,312
14,Proveedor,PRODUCE,2233,Producto,Diario,338
2,Proveedor,PRODUCE,629,Producto,Mensual,296
10,Proveedor,PRODUCE,2670,Producto,Mensual,160
6,Proveedor,PRODUCE,1009,Producto,Trimestral,337
1,Proveedor,PRODUCE,930,Producto,Diario,76
17,Proveedor,PRODUCE,2523,Producto,Mensual,379
16,Proveedor,PRODUCE,2880,Producto,Trimestral,395
18,Proveedor,PRODUCE,1462,Producto,Trimestral,227
4,Proveedor,PRODUCE,854,Producto,Semanal,423
11,Proveedor,PRODUCE,2921,Producto,Diario,327
13,Proveedor,PRODUCE,2699,Producto,Mensual,90
14,Proveedor,PRODUCE,117,Producto,Semanal,327
2,Proveedor,PRODUCE,1201,Producto,Diario,320
3,Proveedor,PRODUCE,1472,Producto,Trimestral,442
14,Proveedor,PRODUCE,1887,Producto,Mensual,482
9,Proveedor,PRODUCE,727,Producto,Diario,159
0,Proveedor,PRODUCE,1038,Producto,Diario,469
19,Proveedor,PRODUCE,2198,Producto,Diario,486
16,Proveedor,PRODUCE,1681,Producto,Diario,452
7,Proveedor,PRODUCE,1566,Producto,Semanal,168
14,Proveedor,PRODUCE,620,Producto,Semanal,409
15,Proveedor,PRODUCE,1014,Producto,Mensual,246
15,Proveedor,PRODUCE,986,Producto,Trimestral,157
19,Proveedor,PRODUCE,2311,Producto,Trimestral,385
3,Proveedor,PRODUCE,1926,Producto,Mensual,237
8,Proveedor,PRODUCE,1282,Producto,Trimestral,103
5,Proveedor,PRODUCE,1282,Producto,Diario,101
18,Proveedor,PRODUCE,1244,Producto,Semanal,221
13,Proveedor,PRODUCE,2081,Producto,Diario,57
9,Proveedor,PRODUCE,2437,Producto,Diario,392
2,Proveedor,PRODUCE,647,Producto,Trimestral,444
17,Proveedor,PRODUCE,1000,Producto,Trimestral,279
15,Proveedor,PRODUCE,199,Producto,Diario,89
6,Proveedor,PRODUCE,558,Producto,Mensual,222
3,Proveedor,PRODUCE,1585,Producto,Trimestral,129
19,Proveedor,PRODUCE,1798,Producto,Trimestral,428
17,Proveedor,PRODUCE,2379,Producto,Mensual,484
17,Proveedor,PRODUCE,1215,Producto,Semanal,280
14,Proveedor,PRODUCE,2371,Producto,Mensual,440
0,Proveedor,PRODUCE,1960,Producto,Trimestral,283
7,Proveedor,PRODUCE,2331,Producto,Mensual,71
3,Proveedor,PRODUCE,1667,Producto,Trimestral,353
16,Proveedor,PRODUCE,31,Producto,Diario,437
17,Proveedor,PRODUCE,1038,Producto,Trimestral,189
8,Proveedor,PRODUCE,2558,Producto,Semanal,470
11,Proveedor,PRODUCE,2446,Producto,Semanal,288
11,Proveedor,PRODUCE,2074,Producto,Diario,114
10,Proveedor,PRODUCE,889,Producto,Diario,217
11,Proveedor,PRODUCE,2204,Producto,Mensual,491
6,Proveedor,PRODUCE,430,Producto,Semanal,244
11,Proveedor,PRODUCE,505,Producto,Semanal,64
5,Proveedor,PRODUCE,2211,Producto,Diario,398
4,Proveedor,PRODUCE,2986,Producto,Semanal,405
19,Proveedor,PRODUCE,2216,Producto,Semanal,83
3,Proveedor,PRODUCE,1220,Producto,Semanal,85
2,Proveedor,PRODUCE,324,Producto,Diario,482
12,Proveedor,PRODUCE,2394,Producto,Mensual,52
11,Proveedor,PRODUCE,2587,Producto,Diario,179
10,Proveedor,PRODUCE,883,Producto,Trimestral,201
6,Proveedor,PRODUCE,703,Producto,Trimestral,456
13,Proveedor,PRODUCE,934,Producto,Trimestral,280
6,Proveedor,PRODUCE,1675,Producto,Trimestral,209
19,Proveedor,PRODUCE,1943,Producto,Mensual,492
4,Proveedor,PRODUCE,2384,Producto,Semanal,234
14,Proveedor,PRODUCE,1375,Producto,Trimestral,248
7,Proveedor,PRODUCE,2328,Producto,Diario,436
7,Proveedor,PRODUCE,2030,Producto,Trimestral,366
13,Proveedor,PRODUCE,2775,Producto,Mensual,480
0,Proveedor,PRODUCE,150,Producto,Semanal,210
19,Proveedor,PRODUCE,763,Producto,Diario,491
14,Proveedor,PRODUCE,407,Producto,Trimestral,143
6,Proveedor,PRODUCE,1230,Producto,Semanal,459
14,Proveedor,PRODUCE,2491,Producto,Mensual,323
14,Proveedor,PRODUCE,208,Producto,Trimestral,215
17,Proveedor,PRODUCE,1033,Producto,Diario,118
16,Proveedor,PRODUCE,331,Producto,Trimestral,98
14,Proveedor,PRODUCE,2508,Producto,Semanal,332
8,Proveedor,PRODUCE,2091,Producto,Semanal,312
14,Proveedor,PRODUCE,1598,Producto,Semanal,244
8,Proveedor,PRODUCE,2847,Producto,Diario,153
0,Proveedor,PRODUCE,2821,Producto,Trimestral,437
1,Proveedor,PRODUCE,1344,Producto,Mensual,56
18,Proveedor,PRODUCE,381,Producto,Trimestral,107
4,Proveedor,PRODUCE,358,Producto,Diario,110
3,Proveedor,PRODUCE,753,Producto,Mensual,54
8,Proveedor,PRODUCE,349,Producto,Semanal,465
8,Proveedor,PRODUCE,872,Producto,Trimestral,252
3,Proveedor,PRODUCE,2190,Producto,Mensual,446
9,Proveedor,PRODUCE,1985,Producto,Trimestral,338
0,Proveedor,PRODUCE,53,Producto,Diario,395
7,Proveedor,PRODUCE,585,Producto,Mensual,116
10,Proveedor,PRODUCE,2707,Producto,Semanal,295
10,Proveedor,PRODUCE,2082,Producto,Mensual,419
16,Proveedor,PRODUCE,2355,Producto,Semanal,320
11,Proveedor,PRODUCE,2405,Producto,Mensual,50
15,Proveedor,PRODUCE,1191,Producto,Semanal,96
8,Proveedor,PRODUCE,1892,Producto,Diario,347
0,Proveedor,PRODUCE,611,Producto,Trimestral,184
17,Proveedor,PRODUCE,949,Producto,Trimestral,108
19,Proveedor,PRODUCE,499,Producto,Mensual,496
13,Proveedor,PRODUCE,1021,Producto,Semanal,386
2,Proveedor,PRODUCE,2303,Producto,Semanal,177
14,Proveedor,PRODUCE,2560,Producto,Semanal,309
14,Proveedor,PRODUCE,1989,Producto,Semanal,329
2,Proveedor,PRODUCE,1390,Producto,Mensual,435
17,Proveedor,PRODUCE,2781,Producto,Trimestral,197
6,Proveedor,PRODUCE,2176,Producto,Trimestral,199
10,Proveedor,PRODUCE,2650,Producto,Diario,355
2,Proveedor,PRODUCE,2902,Producto,Diario,315
16,Proveedor,PRODUCE,630,Producto,Mensual,493
2,Proveedor,PRODUCE,94,Producto,Mensual,490
16,Proveedor,PRODUCE,2515,Producto,Semanal,298
10,Proveedor,PRODUCE,822,Producto,Trimestral,345
17,Proveedor,PRODUCE,2643,Producto,Diario,88
17,Proveedor,PRODUCE,806,Producto,Trimestral,207
15,Proveedor,PRODUCE,399,Producto,Mensual,224
5,Proveedor,PRODUCE,1771,Producto,Trimestral,434
18,Proveedor,PRODUCE,1416,Producto,Trimestral,443
7,Proveedor,PRODUCE,538,Producto,Semanal,301
3,Proveedor,PRODUCE,1545,Producto,Trimestral,487
12,Proveedor,PRODUCE,2550,Producto,Semanal,117
7,Proveedor,PRODUCE,477,Producto,Diario,490
7,Proveedor,PRODUCE,1617,Producto,Semanal,194
18,Proveedor,PRODUCE,784,Producto,Semanal,150
16,Proveedor,PRODUCE,2248,Producto,Trimestral,455
1,Proveedor,PRODUCE,530,Producto,Diario,360
11,Proveedor,PRODUCE,1447,Producto,Diario,138
6,Proveedor,PRODUCE,2268,Producto,Semanal,453
7,Proveedor,PRODUCE,403,Producto,Diario,277
13,Proveedor,PRODUCE,1379,Producto,Mensual,223
17,Proveedor,PRODUCE,1507,Producto,Mensual,110
0,Proveedor,PRODUCE,1909,Producto,Diario,430
9,Proveedor,PRODUCE,1172,Producto,Mensual,108
17,Proveedor,PRODUCE,1996,Producto,Mensual,65
16,Proveedor,PRODUCE,2319,Producto,Mensual,216
14,Proveedor,PRODUCE,1060,Producto,Mensual,476
8,Proveedor,PRODUCE,2772,Producto,Diario,451
9,Proveedor,PRODUCE,492,Producto,Diario,332
8,Proveedor,PRODUCE,16,Producto,Trimestral,60
18,Proveedor,PRODUCE,1359,Producto,Semanal,156
3,Proveedor,PRODUCE,251,Producto,Trimestral,120
8,Proveedor,PRODUCE,2746,Producto,Mensual,440
13,Proveedor,PRODUCE,813,Producto,Diario,185
10,Proveedor,PRODUCE,715,Producto,Semanal,89
12,Proveedor,PRODUCE,597,Producto,Semanal,65
18,Proveedor,PRODUCE,1856,Producto,Diario,379
19,Proveedor,PRODUCE,2943,Producto,Mensual,325
9,Proveedor,PRODUCE,2681,Producto,Trimestral,417
0,Proveedor,PRODUCE,2043,Producto,Trimestral,376
19,Proveedor,PRODUCE,392,Producto,Semanal,155
13,Proveedor,PRODUCE,2556,Producto,Diario,443
8,Proveedor,PRODUCE,1427,Producto,Trimestral,354
4,Proveedor,PRODUCE,961,Producto,Trimestral,491
19,Proveedor,PRODUCE,94,Producto,Trimestral,110
7,Proveedor,PRODUCE,697,Producto,Semanal,433
10,Proveedor,PRODUCE,1105,Producto,Semanal,454
5,Proveedor,PRODUCE,298,Producto,Trimestral,428
12,Proveedor,PRODUCE,918,Producto,Mensual,155
15,Proveedor,PRODUCE,623,Producto,Mensual,341
13,Proveedor,PRODUCE,1333,Producto,Semanal,181
19,Proveedor,PRODUCE,924,Producto,Mensual,400
0,Proveedor,PRODUCE,439,Producto,Mensual,396
0,Proveedor,PRODUCE,2391,Producto,Diario,159
17,Proveedor,PRODUCE,1210,Producto,Semanal,414
6,Proveedor,PRODUCE,1101,Producto,Mensual,433
0,Proveedor,PRODUCE,1683,Producto,Mensual,63
3,Proveedor,PRODUCE,2215,Producto,Mensual,342
1,Proveedor,PRODUCE,2757,Producto,Mensual,212
7,Proveedor,PRODUCE,2913,Producto,Semanal,199
6,Proveedor,PRODUCE,2607,Producto,Mensual,223
12,Proveedor,PRODUCE,2364,Producto,Trimestral,95
3,Proveedor,PRODUCE,1045,Producto,Mensual,398
13,Proveedor,PRODUCE,2162,Producto,Diario,109
3,Proveedor,PRODUCE,573,Producto,Trimestral,143
18,Proveedor,PRODUCE,829,Producto,Diario,199
9,Proveedor,PRODUCE,2211,Producto,Trimestral,54
15,Proveedor,PRODUCE,2480,Producto,Semanal,238
17,Proveedor,PRODUCE,1178,Producto,Mensual,63
6,Proveedor,PRODUCE,473,Producto,Mensual,420
8,Proveedor,PRODUCE,2398,Producto,Diario,489
7,Proveedor,PRODUCE,1726,Producto,Trimestral,417
4,Proveedor,PRODUCE,1644,Producto,Semanal,172
14,Proveedor,PRODUCE,241,Producto,Diario,81
18,Proveedor,PRODUCE,1664,Producto,Trimestral,188
16,Proveedor,PRODUCE,1025,Producto,Trimestral,256
10,Proveedor,PRODUCE,2483,Producto,Semanal,468
16,Proveedor,PRODUCE,2061,Producto,Diario,156
1,Proveedor,PRODUCE,1791,Producto,Diario,456
10,Proveedor,PRODUCE,2003,Producto,Semanal,121
3,Proveedor,PRODUCE,1997,Producto,Semanal,66
2,Proveedor,PRODUCE,2270,Producto,Semanal,340
11,Proveedor,PRODUCE,282,Producto,Semanal,467
9,Proveedor,PRODUCE,4,Producto,Trimestral,105
4,Proveedor,PRODUCE,2155,Producto,Semanal,500
7,Proveedor,PRODUCE,2412,Producto,Mensual,433
11,Proveedor,PRODUCE,2484,Producto,Mensual,85
7,Proveedor,PRODUCE,1916,Producto,Trimestral,322
16,Proveedor,PRODUCE,2025,Producto,Trimestral,332
5,Proveedor,PRODUCE,1460,Producto,Trimestral,378
8,Proveedor,PRODUCE,2514,Producto,Trimestral,443
18,Proveedor,PRODUCE,2505,Producto,Diario,460
17,Proveedor,PRODUCE,1787,Producto,Trimestral,196
18,Proveedor,PRODUCE,2203,Producto,Diario,327
8,Proveedor,PRODUCE,2705,Producto,Diario,320
13,Proveedor,PRODUCE,505,Producto,Mensual,63
12,Proveedor,PRODUCE,2386,Producto,Semanal,50
3,Proveedor,PRODUCE,1172,Producto,Mensual,194
8,Proveedor,PRODUCE,457,Producto,Semanal,102
10,Proveedor,PRODUCE,1274,Producto,Mensual,245
9,Proveedor,PRODUCE,1225,Producto,Diario,145
13,Proveedor,PRODUCE,1802,Producto,Diario,364
19,Proveedor,PRODUCE,342,Producto,Semanal,134
16,Proveedor,PRODUCE,2190,Producto,Diario,143
12,Proveedor,PRODUCE,489,Producto,Trimestral,65
9,Proveedor,PRODUCE,895,Producto,Trimestral,188
3,Proveedor,PRODUCE,2374,Producto,Diario,123
9,Proveedor,PRODUCE,1758,Producto,Mensual,428
3,Proveedor,PRODUCE,1509,Producto,Mensual,245
15,Proveedor,PRODUCE,1319,Producto,Diario,138
0,Proveedor,PRODUCE,301,Producto,Semanal,238
11,Proveedor,PRODUCE,228,Producto,Trimestral,256
13,Proveedor,PRODUCE,1338,Producto,Diario,409
5,Proveedor,PRODUCE,897,Producto,Mensual,454
17,Proveedor,PRODUCE,2967,Producto,Trimestral,377
18,Proveedor,PRODUCE,1467,Producto,Diario,374
5,Proveedor,PRODUCE,908,Producto,Semanal,136
12,Proveedor,PRODUCE,2582,Producto,Diario,125
6,Proveedor,PRODUCE,696,Producto,Semanal,402
7,Proveedor,PRODUCE,1739,Producto,Mensual,355
8,Proveedor,PRODUCE,1938,Producto,Diario,161
11,Proveedor,PRODUCE,2255,Producto,Diario,326
3,Proveedor,PRODUCE,2163,Producto,Diario,94
17,Proveedor,PRODUCE,2075,Producto,Diario,143
9,Proveedor,PRODUCE,2595,Producto,Semanal,450
12,Proveedor,PRODUCE,2366,Producto,Semanal,129
6,Proveedor,PRODUCE,2923,Producto,Semanal,74
8,Proveedor,PRODUCE,697,Producto,Trimestral,421
3,Proveedor,PRODUCE,2498,Producto,Diario,208
12,Proveedor,PRODUCE,2828,Producto,Trimestral,98
0,Proveedor,PRODUCE,2685,Producto,Mensual,170
0,Proveedor,PRODUCE,289,Producto,Trimestral,431
18,Proveedor,PRODUCE,1439,Producto,Trimestral,188
5,Proveedor,PRODUCE,1525,Producto,Semanal,374
10,Proveedor,PRODUCE,2329,Producto,Trimestral,488
11,Proveedor,PRODUCE,1071,Producto,Diario,147
8,Proveedor,PRODUCE,1286,Producto,Mensual,335
2,Proveedor,PRODUCE,2244,Producto,Diario,76
2,Proveedor,PRODUCE,35,Producto,Trimestral,276
18,Proveedor,PRODUCE,438,Producto,Mensual,355
6,Proveedor,PRODUCE,1110,Producto,Mensual,344
0,Proveedor,PRODUCE,1988,Producto,Diario,489
3,Proveedor,PRODUCE,14,Producto,Semanal,102
3,Proveedor,PRODUCE,1101,Producto,Trimestral,114
5,Proveedor,PRODUCE,1648,Producto,Mensual,438
15,Proveedor,PRODUCE,165,Producto,Semanal,144
13,Proveedor,PRODUCE,1920,Producto,Mensual,211
0,Proveedor,PRODUCE,1320,Producto,Semanal,353
12,Proveedor,PRODUCE,751,Producto,Mensual,119
13,Proveedor,PRODUCE,986,Producto,Trimestral,266
6,Proveedor,PRODUCE,2508,Producto,Mensual,485
13,Proveedor,PRODUCE,2586,Producto,Trimestral,356
11,Proveedor,PRODUCE,1362,Producto,Diario,85
7,Proveedor,PRODUCE,1506,Producto,Mensual,452
19,Proveedor,PRODUCE,2192,Producto,Trimestral,235
6,Proveedor,PRODUCE,2940,Producto,Trimestral,221
7,Proveedor,PRODUCE,750,Producto,Mensual,469
10,Proveedor,PRODUCE,2385,Producto,Mensual,285
12,Proveedor,PRODUCE,2270,Producto,Semanal,91
14,Proveedor,PRODUCE,303,Producto,Diario,120
9,Proveedor,PRODUCE,2049,Producto,Semanal,261
12,Proveedor,PRODUCE,282,Producto,Semanal,173
16,Proveedor,PRODUCE,1456,Producto,Semanal,338
15,Proveedor,PRODUCE,2938,Producto,Semanal,364
5,Proveedor,PRODUCE,521,Producto,Semanal,260
2,Proveedor,PRODUCE,655,Producto,Diario,419
14,Proveedor,PRODUCE,1960,Producto,Trimestral,198
19,Proveedor,PRODUCE,762,Producto,Semanal,180
6,Proveedor,PRODUCE,1446,Producto,Diario,235
11,Proveedor,PRODUCE,2436,Producto,Semanal,224
7,Proveedor,PRODUCE,258,Producto,Trimestral,94
19,Proveedor,PRODUCE,2365,Producto,Semanal,366
6,Proveedor,PRODUCE,2292,Producto,Semanal,310
13,Proveedor,PRODUCE,1355,Producto,Diario,464
5,Proveedor,PRODUCE,1710,Producto,Semanal,441
14,Proveedor,PRODUCE,438,Producto,Semanal,101
8,Proveedor,PRODUCE,1047,Producto,Trimestral,361
15,Proveedor,PRODUCE,2681,Producto,Semanal,254
19,Proveedor,PRODUCE,2990,Producto,Trimestral,498
10,Proveedor,PRODUCE,2541,Producto,Trimestral,281
16,Proveedor,PRODUCE,2919,Producto,Semanal,469
8,Proveedor,PRODUCE,1767,Producto,Trimestral,150
18,Proveedor,PRODUCE,149,Producto,Mensual,358
18,Proveedor,PRODUCE,178,Producto,Semanal,304
1,Proveedor,PRODUCE,2387,Producto,Mensual,343
19,Proveedor,PRODUCE,381,Producto,Semanal,70
11,Proveedor,PRODUCE,948,Producto,Trimestral,194
2,Proveedor,PRODUCE,2556,Producto,Trimestral,277
3,Proveedor,PRODUCE,2307,Producto,Trimestral,169
9,Proveedor,PRODUCE,579,Producto,Diario,285
9,Proveedor,PRODUCE,2851,Producto,Semanal,142
0,Proveedor,PRODUCE,2071,Producto,Semanal,386
0,Proveedor,PRODUCE,596,Producto,Semanal,368
12,Proveedor,PRODUCE,264,Producto,Semanal,214
17,Proveedor,PRODUCE,542,Producto,Diario,115
17,Proveedor,PRODUCE,1146,Producto,Semanal,443
15,Proveedor,PRODUCE,2583,Producto,Diario,221
1,Proveedor,PRODUCE,1787,Producto,Semanal,489
3,Proveedor,PRODUCE,2408,Producto,Mensual,465
5,Proveedor,PRODUCE,186,Producto,Diario,449
13,Proveedor,PRODUCE,1059,Producto,Trimestral,378
18,Proveedor,PRODUCE,2409,Producto,Diario,168
10,Proveedor,PRODUCE,247,Producto,Diario,321
8,Proveedor,PRODUCE,823,Producto,Diario,432
2,Proveedor,PRODUCE,0,Producto,Diario,385
9,Proveedor,PRODUCE,1803,Producto,Trimestral,130
9,Proveedor,PRODUCE,352,Producto,Diario,401
5,Proveedor,PRODUCE,1397,Producto,Semanal,340
19,Proveedor,PRODUCE,707,Producto,Semanal,490
2,Proveedor,PRODUCE,1068,Producto,Diario,458
0,Proveedor,PRODUCE,1739,Producto,Mensual,436
10,Proveedor,PRODUCE,1159,Producto,Trimestral,360
15,Proveedor,PRODUCE,1652,Producto,Diario,90
8,Proveedor,PRODUCE,64,Producto,Mensual,110
5,Proveedor,PRODUCE,2901,Producto,Trimestral,143
7,Proveedor,PRODUCE,2835,Producto,Semanal,439
4,Proveedor,PRODUCE,2944,Producto,Trimestral,371
12,Proveedor,PRODUCE,1169,Producto,Trimestral,383
7,Proveedor,PRODUCE,2536,Producto,Trimestral,184
9,Proveedor,PRODUCE,2281,Producto,Mensual,187
12,Proveedor,PRODUCE,954,Producto,Mensual,430
15,Proveedor,PRODUCE,854,Producto,Diario,270
19,Proveedor,PRODUCE,2736,Producto,Diario,242
16,Proveedor,PRODUCE,187,Producto,Diario,164
4,Proveedor,PRODUCE,1580,Producto,Trimestral,352
9,Proveedor,PRODUCE,2671,Producto,Trimestral,61
10,Proveedor,PRODUCE,135,Producto,Diario,363
16,Proveedor,PRODUCE,2899,Producto,Diario,373
16,Proveedor,PRODUCE,471,Producto,Diario,215
16,Proveedor,PRODUCE,1187,Producto,Trimestral,263
12,Proveedor,PRODUCE,1356,Producto,Trimestral,239
6,Proveedor,PRODUCE,1053,Producto,Semanal,424
18,Proveedor,PRODUCE,713,Producto,Diario,391
11,Proveedor,PRODUCE,582,Producto,Semanal,166
12,Proveedor,PRODUCE,829,Producto,Semanal,181
1,Proveedor,PRODUCE,2949,Producto,Semanal,365
8,Proveedor,PRODUCE,120,Producto,Trimestral,325
1,Proveedor,PRODUCE,2532,Producto,Diario,76
2,Proveedor,PRODUCE,114,Producto,Mensual,251
11,Proveedor,PRODUCE,171,Producto,Mensual,190
8,Proveedor,PRODUCE,375,Producto,Diario,69
10,Proveedor,PRODUCE,1050,Producto,Trimestral,214
4,Proveedor,PRODUCE,1829,Producto,Semanal,290
8,Proveedor,PRODUCE,2388,Producto,Diario,244
14,Proveedor,PRODUCE,1171,Producto,Semanal,185
19,Proveedor,PRODUCE,331,Producto,Mensual,78
18,Proveedor,PRODUCE,1058,Producto,Diario,247
19,Proveedor,PRODUCE,660,Producto,Trimestral,402
11,Proveedor,PRODUCE,1065,Producto,Trimestral,150
14,Proveedor,PRODUCE,711,Producto,Trimestral,131
13,Proveedor,PRODUCE,316,Producto,Mensual,51
19,Proveedor,PRODUCE,2733,Producto,Mensual,227
6,Proveedor,PRODUCE,658,Producto,Mensual,147
16,Proveedor,PRODUCE,1254,Producto,Semanal,393
16,Proveedor,PRODUCE,1842,Producto,Trimestral,179
13,Proveedor,PRODUCE,2460,Producto,Semanal,394
19,Proveedor,PRODUCE,1239,Producto,Mensual,249
19,Proveedor,PRODUCE,187,Producto,Diario,50
1,Proveedor,PRODUCE,759,Producto,Semanal,181
16,Proveedor,PRODUCE,781,Producto,Semanal,359
12,Proveedor,PRODUCE,2396,Producto,Diario,336
0,Proveedor,PRODUCE,1286,Producto,Diario,418
18,Proveedor,PRODUCE,2854,Producto,Trimestral,294
19,Proveedor,PRODUCE,1652,Producto,Mensual,177
0,Proveedor,PRODUCE,2300,Producto,Semanal,66
6,Proveedor,PRODUCE,2070,Producto,Semanal,413
16,Proveedor,PRODUCE,506,Producto,Semanal,435
6,Proveedor,PRODUCE,2957,Producto,Semanal,472
17,Proveedor,PRODUCE,1483,Producto,Trimestral,265
0,Proveedor,PRODUCE,2617,Producto,Mensual,62
17,Proveedor,PRODUCE,580,Producto,Trimestral,281
6,Proveedor,PRODUCE,1403,Producto,Semanal,58
4,Proveedor,PRODUCE,498,Producto,Diario,263
16,Proveedor,PRODUCE,2945,Producto,Diario,467
6,Proveedor,PRODUCE,117,Producto,Mensual,325
17,Proveedor,PRODUCE,2410,Producto,Semanal,352
12,Proveedor,PRODUCE,2295,Producto,Mensual,61
13,Proveedor,PRODUCE,2192,Producto,Semanal,353
11,Proveedor,PRODUCE,1819,Producto,Diario,175
10,Proveedor,PRODUCE,2032,Producto,Diario,360
3,Proveedor,PRODUCE,328,Producto,Trimestral,227
19,Proveedor,PRODUCE,159,Producto,Trimestral,358
1,Proveedor,PRODUCE,1851,Producto,Semanal,176
4,Proveedor,PRODUCE,740,Producto,Diario,327
15,Proveedor,PRODUCE,1306,Producto,Diario,114
1,Proveedor,PRODUCE,328,Producto,Semanal,312
9,Proveedor,PRODUCE,1910,Producto,Diario,118
16,Proveedor,PRODUCE,1972,Producto,Mensual,67
7,Proveedor,PRODUCE,2982,Producto,Mensual,500
16,Proveedor,PRODUCE,2105,Producto,Diario,371
15,Proveedor,PRODUCE,1245,Producto,Diario,164
9,Proveedor,PRODUCE,8,Producto,Trimestral,209
0,Proveedor,PRODUCE,1771,Producto,Diario,143
2,Proveedor,PRODUCE,1733,Producto,Trimestral,131
17,Proveedor,PRODUCE,2741,Producto,Trimestral,76
3,Proveedor,PRODUCE,476,Producto,Mensual,339
10,Proveedor,PRODUCE,1856,Producto,Trimestral,320
7,Proveedor,PRODUCE,261,Producto,Trimestral,337
11,Proveedor,PRODUCE,88,Producto,Semanal,95
1,Proveedor,PRODUCE,2172,Producto,Mensual,184
3,Proveedor,PRODUCE,1909,Producto,Trimestral,290
6,Proveedor,PRODUCE,2726,Producto,Diario,87
2,Proveedor,PRODUCE,1361,Producto,Trimestral,445
13,Proveedor,PRODUCE,1600,Producto,Mensual,69
8,Proveedor,PRODUCE,832,Producto,Trimestral,284
12,Proveedor,PRODUCE,573,Producto,Trimestral,279
10,Proveedor,PRODUCE,1772,Producto,Diario,485
9,Proveedor,PRODUCE,2633,Producto,Semanal,94
1,Proveedor,PRODUCE,1844,Producto,Diario,106
6,Proveedor,PRODUCE,2913,Producto,Trimestral,141
3,Proveedor,PRODUCE,2488,Producto,Semanal,312
18,Proveedor,PRODUCE,2828,Producto,Trimestral,393
18,Proveedor,PRODUCE,2530,Producto,Trimestral,399
8,Proveedor,PRODUCE,525,Producto,Mensual,194
8,Proveedor,PRODUCE,2541,Producto,Mensual,173
14,Proveedor,PRODUCE,1269,Producto,Diario,224
0,Proveedor,PRODUCE,958,Producto,Diario,469
12,Proveedor,PRODUCE,2832,Producto,Mensual,268
0,Proveedor,PRODUCE,520,Producto,Diario,430
12,Proveedor,PRODUCE,2291,Producto,Semanal,133
6,Proveedor,PRODUCE,822,Producto,Mensual,439
7,Proveedor,PRODUCE,45,Producto,Trimestral,194
0,Proveedor,PRODUCE,1131,Producto,Mensual,178
11,Proveedor,PRODUCE,2765,Producto,Semanal,326
6,Proveedor,PRODUCE,2727,Producto,Diario,321
4,Proveedor,PRODUCE,1536,Producto,Mensual,471
0,Proveedor,PRODUCE,2051,Producto,Semanal,377
16,Proveedor,PRODUCE,2078,Producto,Mensual,134
15,Proveedor,PRODUCE,1031,Producto,Diario,158
18,Proveedor,PRODUCE,1842,Producto,Trimestral,319
5,Proveedor,PRODUCE,321,Producto,Mensual,441
0,Proveedor,PRODUCE,161,Producto,Trimestral,327
1,Proveedor,PRODUCE,2966,Producto,Trimestral,335
12,Proveedor,PRODUCE,851,Producto,Trimestral,234
13,Proveedor,PRODUCE,623,Producto,Semanal,73
2,Proveedor,PRODUCE,892,Producto,Trimestral,166
9,Proveedor,PRODUCE,1773,Producto,Semanal,170
16,Proveedor,PRODUCE,1389,Producto,Trimestral,412
15,Proveedor,PRODUCE,1484,Producto,Mensual,196
12,Proveedor,PRODUCE,290,Producto,Semanal,245
5,Proveedor,PRODUCE,2611,Producto,Semanal,107
6,Proveedor,PRODUCE,1299,Producto,Diario,203
4,Proveedor,PRODUCE,1155,Producto,Mensual,480
1,Proveedor,PRODUCE,2979,Producto,Diario,325
7,Proveedor,PRODUCE,2535,Producto,Diario,491
10,Proveedor,PRODUCE,2832,Producto,Trimestral,312
2,Proveedor,PRODUCE,2322,Producto,Diario,449
7,Proveedor,PRODUCE,2416,Producto,Diario,318
7,Proveedor,PRODUCE,247,Producto,Diario,428
17,Proveedor,PRODUCE,2324,Producto,Mensual,219
15,Proveedor,PRODUCE,403,Producto,Diario,451
4,Proveedor,PRODUCE,1467,Producto,Semanal,446
6,Proveedor,PRODUCE,2600,Producto,Mensual,497
12,Proveedor,PRODUCE,1844,Producto,Diario,103
14,Proveedor,PRODUCE,2879,Producto,Mensual,284
13,Proveedor,PRODUCE,2396,Producto,Semanal,174
8,Proveedor,PRODUCE,1168,Producto,Diario,98
19,Proveedor,PRODUCE,1065,Producto,Diario,132
18,Proveedor,PRODUCE,1450,Producto,Semanal,349
18,Proveedor,PRODUCE,1929,Producto,Mensual,363
3,Proveedor,PRODUCE,732,Producto,Semanal,329
12,Proveedor,PRODUCE,2531,Producto,Trimestral,140
12,Proveedor,PRODUCE,1166,Producto,Diario,421
1,Proveedor,PRODUCE,467,Producto,Semanal,168
5,Proveedor,PRODUCE,1469,Producto,Mensual,249
6,Proveedor,PRODUCE,1481,Producto,Trimestral,50
4,Proveedor,PRODUCE,877,Producto,Semanal,401
5,Proveedor,PRODUCE,1563,Producto,Diario,268
4,Proveedor,PRODUCE,405,Producto,Mensual,359
16,Proveedor,PRODUCE,428,Producto,Diario,373
13,Proveedor,PRODUCE,57,Producto,Semanal,480
13,Proveedor,PRODUCE,1888,Producto,Mensual,294
11,Proveedor,PRODUCE,374,Producto,Trimestral,295
18,Proveedor,PRODUCE,1272,Producto,Mensual,213
15,Proveedor,PRODUCE,1045,Producto,Mensual,412
6,Proveedor,PRODUCE,2880,Producto,Semanal,370
9,Proveedor,PRODUCE,1655,Producto,Semanal,111
0,Proveedor,PRODUCE,4,Producto,Trimestral,252
12,Proveedor,PRODUCE,2093,Producto,Semanal,330
16,Proveedor,PRODUCE,2731,Producto,Semanal,260
5,Proveedor,PRODUCE,139,Producto,Semanal,495
16,Proveedor,PRODUCE,2080,Producto,Diario,423
12,Proveedor,PRODUCE,469,Producto,Mensual,405
11,Proveedor,PRODUCE,1005,Producto,Mensual,483
13,Proveedor,PRODUCE,2249,Producto,Diario,293
7,Proveedor,PRODUCE,426,Producto,Trimestral,283
10,Proveedor,PRODUCE,2433,Producto,Diario,335
15,Proveedor,PRODUCE,523,Producto,Diario,185
15,Proveedor,PRODUCE,1099,Producto,Diario,131
6,Proveedor,PRODUCE,623,Producto,Semanal,279
7,Proveedor,PRODUCE,1143,Producto,Mensual,357
13,Proveedor,PRODUCE,2021,Producto,Mensual,117
8,Proveedor,PRODUCE,747,Producto,Trimestral,292
7,Proveedor,PRODUCE,1617,Producto,Mensual,390
2,Proveedor,PRODUCE,449,Producto,Trimestral,492
14,Proveedor,PRODUCE,2074,Producto,Trimestral,376
15,Proveedor,PRODUCE,1428,Producto,Trimestral,394
18,Proveedor,PRODUCE,2931,Producto,Trimestral,415
8,Proveedor,PRODUCE,1727,Producto,Trimestral,347
19,Proveedor,PRODUCE,519,Producto,Semanal,136
13,Proveedor,PRODUCE,2843,Producto,Diario,255
16,Proveedor,PRODUCE,1402,Producto,Mensual,275
15,Proveedor,PRODUCE,875,Producto,Mensual,344
5,Proveedor,PRODUCE,2203,Producto,Diario,467
9,Proveedor,PRODUCE,871,Producto,Mensual,292
16,Proveedor,PRODUCE,2760,Producto,Trimestral,491
14,Proveedor,PRODUCE,2509,Producto,Mensual,295
3,Proveedor,PRODUCE,2916,Producto,Semanal,256
8,Proveedor,PRODUCE,576,Producto,Semanal,150
12,Proveedor,PRODUCE,547,Producto,Diario,110
6,Proveedor,PRODUCE,652,Producto,Mensual,282
15,Proveedor,PRODUCE,2927,Producto,Diario,352
11,Proveedor,PRODUCE,1183,Producto,Trimestral,304
7,Proveedor,PRODUCE,2212,Producto,Trimestral,312
8,Proveedor,PRODUCE,528,Producto,Trimestral,328
5,Proveedor,PRODUCE,2887,Producto,Trimestral,377
1,Proveedor,PRODUCE,1370,Producto,Mensual,261
11,Proveedor,PRODUCE,2068,Producto,Mensual,389
6,Proveedor,PRODUCE,1488,Producto,Mensual,406
9,Proveedor,PRODUCE,589,Producto,Semanal,458
0,Proveedor,PRODUCE,2858,Producto,Mensual,362
13,Proveedor,PRODUCE,1660,Producto,Trimestral,67
1,Proveedor,PRODUCE,499,Producto,Trimestral,319
14,Proveedor,PRODUCE,2394,Producto,Semanal,236
6,Proveedor,PRODUCE,2998,Producto,Diario,56
7,Proveedor,PRODUCE,253,Producto,Semanal,325
15,Proveedor,PRODUCE,1182,Producto,Trimestral,411
8,Proveedor,PRODUCE,560,Producto,Semanal,161
12,Proveedor,PRODUCE,2467,Producto,Trimestral,283
18,Proveedor,PRODUCE,1038,Producto,Semanal,312
17,Proveedor,PRODUCE,1174,Producto,Semanal,248
2,Proveedor,PRODUCE,2832,Producto,Trimestral,129
10,Proveedor,PRODUCE,993,Producto,Diario,79
16,Proveedor,PRODUCE,2261,Producto,Mensual,427
11,Proveedor,PRODUCE,858,Producto,Trimestral,118
6,Proveedor,PRODUCE,956,Producto,Diario,492
15,Proveedor,PRODUCE,2029,Producto,Semanal,55
3,Proveedor,PRODUCE,1944,Producto,Diario,389
9,Proveedor,PRODUCE,896,Producto,Trimestral,307
8,Proveedor,PRODUCE,2169,Producto,Semanal,454
14,Proveedor,PRODUCE,289,Producto,Trimestral,230
9,Proveedor,PRODUCE,1492,Producto,Trimestral,188
3,Proveedor,PRODUCE,960,Producto,Diario,106
12,Proveedor,PRODUCE,2382,Producto,Trimestral,250
4,Proveedor,PRODUCE,1,Producto,Semanal,156
0,Proveedor,PRODUCE,1173,Producto,Trimestral,431
12,Proveedor,PRODUCE,260,Producto,Diario,181
18,Proveedor,PRODUCE,1520,Producto,Semanal,247
16,Proveedor,PRODUCE,175,Producto,Mensual,165
0,Proveedor,PRODUCE,821,Producto,Trimestral,180
6,Proveedor,PRODUCE,1985,Producto,Diario,430
9,Proveedor,PRODUCE,2325,Producto,Semanal,74
14,Proveedor,PRODUCE,1640,Producto,Semanal,93
17,Proveedor,PRODUCE,1196,Producto,Diario,190
0,Proveedor,PRODUCE,500,Producto,Trimestral,477
0,Proveedor,PRODUCE,1993,Producto,Trimestral,202
2,Proveedor,PRODUCE,855,Producto,Diario,135
9,Proveedor,PRODUCE,258,Producto,Trimestral,345
5,Proveedor,PRODUCE,816,Producto,Trimestral,54
11,Proveedor,PRODUCE,1446,Producto,Trimestral,90
10,Proveedor,PRODUCE,1165,Producto,Trimestral,278
1,Proveedor,PRODUCE,2518,Producto,Diario,84
13,Proveedor,PRODUCE,1540,Producto,Diario,236
10,Proveedor,PRODUCE,2130,Producto,Diario,451
18,Proveedor,PRODUCE,2274,Producto,Trimestral,457
19,Proveedor,PRODUCE,2985,Producto,Diario,311
6,Proveedor,PRODUCE,2956,Producto,Diario,160
15,Proveedor,PRODUCE,933,Producto,Trimestral,165
6,Proveedor,PRODUCE,28,Producto,Semanal,136
10,Proveedor,PRODUCE,1958,Producto,Semanal,249
6,Proveedor,PRODUCE,2154,Producto,Diario,430
5,Proveedor,PRODUCE,2982,Producto,Diario,380
6,Proveedor,PRODUCE,1693,Producto,Trimestral,171
8,Proveedor,PRODUCE,1766,Producto,Semanal,332
18,Proveedor,PRODUCE,111,Producto,Diario,100
8,Proveedor,PRODUCE,2999,Producto,Semanal,444
0,Proveedor,PRODUCE,1918,Producto,Trimestral,393
1,Proveedor,PRODUCE,732,Producto,Diario,396
3,Proveedor,PRODUCE,660,Producto,Semanal,77
7,Proveedor,PRODUCE,2227,Producto,Mensual,85
11,Proveedor,PRODUCE,167,Producto,Semanal,109
13,Proveedor,PRODUCE,2864,Producto,Diario,147
8,Proveedor,PRODUCE,1324,Producto,Diario,481
6,Proveedor,PRODUCE,1296,Producto,Mensual,475
3,Proveedor,PRODUCE,2293,Producto,Trimestral,298
5,Proveedor,PRODUCE,2708,Producto,Mensual,435
5,Proveedor,PRODUCE,159,Producto,Semanal,379
19,Proveedor,PRODUCE,777,Producto,Diario,67
5,Proveedor,PRODUCE,1386,Producto,Mensual,239
5,Proveedor,PRODUCE,1351,Producto,Trimestral,496
4,Proveedor,PRODUCE,1377,Producto,Diario,250
8,Proveedor,PRODUCE,2029,Producto,Semanal,195
11,Proveedor,PRODUCE,404,Producto,Trimestral,141
16,Proveedor,PRODUCE,2127,Producto,Semanal,177
7,Proveedor,PRODUCE,2979,Producto,Diario,487
15,Proveedor,PRODUCE,2360,Producto,Mensual,243
18,Proveedor,PRODUCE,1964,Producto,Semanal,316
6,Proveedor,PRODUCE,2849,Producto,Diario,174
17,Proveedor,PRODUCE,1877,Producto,Mensual,261
19,Proveedor,PRODUCE,2501,Producto,Mensual,403
0,Proveedor,PRODUCE,217,Producto,Diario,349
14,Proveedor,PRODUCE,1599,Producto,Mensual,322
2,Proveedor,PRODUCE,639,Producto,Mensual,476
6,Proveedor,PRODUCE,405,Producto,Diario,309
4,Proveedor,PRODUCE,1290,Producto,Diario,58
11,Proveedor,PRODUCE,2082,Producto,Mensual,474
10,Proveedor,PRODUCE,1984,Producto,Mensual,453
18,Proveedor,PRODUCE,1261,Producto,Trimestral,450
3,Proveedor,PRODUCE,1906,Producto,Trimestral,437
6,Proveedor,PRODUCE,2964,Producto,Mensual,285
8,Proveedor,PRODUCE,2824,Producto,Trimestral,376
1,Proveedor,PRODUCE,2350,Producto,Trimestral,486
2,Proveedor,PRODUCE,2893,Producto,Trimestral,345
1,Proveedor,PRODUCE,614,Producto,Trimestral,89
19,Proveedor,PRODUCE,914,Producto,Trimestral,83
7,Proveedor,PRODUCE,1096,Producto,Trimestral,391
9,Proveedor,PRODUCE,771,Producto,Trimestral,127
19,Proveedor,PRODUCE,1172,Producto,Mensual,93
11,Proveedor,PRODUCE,1555,Producto,Mensual,290
7,Proveedor,PRODUCE,2972,Producto,Semanal,444
18,Proveedor,PRODUCE,1895,Producto,Mensual,197
19,Proveedor,PRODUCE,2633,Producto,Mensual,262
8,Proveedor,PRODUCE,407,Producto,Semanal,261
0,Proveedor,PRODUCE,1691,Producto,Semanal,397
9,Proveedor,PRODUCE,2485,Producto,Diario,251
10,Proveedor,PRODUCE,2177,Producto,Diario,87
11,Proveedor,PRODUCE,875,Producto,Trimestral,460
12,Proveedor,PRODUCE,1764,Producto,Trimestral,101
2,Proveedor,PRODUCE,2948,Producto,Mensual,281
10,Proveedor,PRODUCE,1310,Producto,Trimestral,206
9,Proveedor,PRODUCE,1366,Producto,Mensual,211
13,Proveedor,PRODUCE,1217,Producto,Trimestral,353
9,Proveedor,PRODUCE,811,Producto,Trimestral,481
9,Proveedor,PRODUCE,343,Producto,Semanal,413
12,Proveedor,PRODUCE,2589,Producto,Mensual,388
5,Proveedor,PRODUCE,2231,Producto,Diario,293
16,Proveedor,PRODUCE,1765,Producto,Semanal,483
5,Proveedor,PRODUCE,29,Producto,Trimestral,145
13,Proveedor,PRODUCE,307,Producto,Trimestral,303
7,Proveedor,PRODUCE,1210,Producto,Trimestral,495
19,Proveedor,PRODUCE,1790,Producto,Diario,391
8,Proveedor,PRODUCE,575,Producto,Diario,317
17,Proveedor,PRODUCE,2052,Producto,Diario,97
18,Proveedor,PRODUCE,1022,Producto,Semanal,307
8,Proveedor,PRODUCE,39,Producto,Semanal,212
4,Proveedor,PRODUCE,2810,Producto,Mensual,266
16,Proveedor,PRODUCE,2107,Producto,Semanal,96
7,Proveedor,PRODUCE,826,Producto,Trimestral,160
14,Proveedor,PRODUCE,1514,Producto,Semanal,500
8,Proveedor,PRODUCE,1912,Producto,Mensual,371
6,Proveedor,PRODUCE,1437,Producto,Semanal,131
6,Proveedor,PRODUCE,1817,Producto,Mensual,177
6,Proveedor,PRODUCE,1611,Producto,Trimestral,328
19,Proveedor,PRODUCE,2353,Producto,Trimestral,157
15,Proveedor,PRODUCE,2803,Producto,Diario,357
19,Proveedor,PRODUCE,1263,Producto,Diario,492
0,Proveedor,PRODUCE,43,Producto,Trimestral,456
2,Proveedor,PRODUCE,1507,Producto,Semanal,375
14,Proveedor,PRODUCE,2576,Producto,Trimestral,254
11,Proveedor,PRODUCE,2812,Producto,Mensual,171
17,Proveedor,PRODUCE,1696,Producto,Diario,263
9,Proveedor,PRODUCE,1958,Producto,Trimestral,357
19,Proveedor,PRODUCE,1673,Producto,Trimestral,85
16,Proveedor,PRODUCE,2147,Producto,Diario,378
13,Proveedor,PRODUCE,2187,Producto,Trimestral,367
14,Proveedor,PRODUCE,1795,Producto,Mensual,215
19,Proveedor,PRODUCE,2960,Producto,Semanal,239
18,Proveedor,PRODUCE,2698,Producto,Diario,90
14,Proveedor,PRODUCE,2759,Producto,Diario,209
11,Proveedor,PRODUCE,1623,Producto,Semanal,263
1,Proveedor,PRODUCE,307,Producto,Diario,275
1,Proveedor,PRODUCE,2147,Producto,Semanal,439
3,Proveedor,PRODUCE,1644,Producto,Semanal,387
0,Proveedor,PRODUCE,342,Producto,Mensual,233
11,Proveedor,PRODUCE,504,Producto,Trimestral,347
15,Proveedor,PRODUCE,2873,Producto,Mensual,394
1,Proveedor,PRODUCE,2646,Producto,Diario,425
10,Proveedor,PRODUCE,1430,Producto,Diario,498
1,Proveedor,PRODUCE,2081,Producto,Diario,499
2,Proveedor,PRODUCE,377,Producto,Mensual,269
5,Proveedor,PRODUCE,1774,Producto,Diario,210
12,Proveedor,PRODUCE,717,Producto,Semanal,483
18,Proveedor,PRODUCE,2774,Producto,Diario,381
15,Proveedor,PRODUCE,213,Producto,Trimestral,252
6,Proveedor,PRODUCE,2858,Producto,Mensual,235
6,Proveedor,PRODUCE,928,Producto,Diario,155
13,Proveedor,PRODUCE,2080,Producto,Trimestral,275
13,Proveedor,PRODUCE,204,Producto,Trimestral,210
7,Proveedor,PRODUCE,1681,Producto,Trimestral,469
16,Proveedor,PRODUCE,511,Producto,Trimestral,186
13,Proveedor,PRODUCE,885,Producto,Mensual,373
5,Proveedor,PRODUCE,1596,Producto,Diario,222
12,Proveedor,PRODUCE,460,Producto,Diario,310
2,Proveedor,PRODUCE,1715,Producto,Semanal,473
9,Proveedor,PRODUCE,2194,Producto,Diario,267
0,Proveedor,PRODUCE,1779,Producto,Trimestral,299
7,Proveedor,PRODUCE,2145,Producto,Mensual,493
13,Proveedor,PRODUCE,2191,Producto,Trimestral,322
18,Proveedor,PRODUCE,1725,Producto,Mensual,164
18,Proveedor,PRODUCE,905,Producto,Diario,485
13,Proveedor,PRODUCE,1461,Producto,Trimestral,297
6,Proveedor,PRODUCE,177,Producto,Trimestral,69
9,Proveedor,PRODUCE,140,Producto,Mensual,77
2,Proveedor,PRODUCE,530,Producto,Trimestral,158
10,Proveedor,PRODUCE,1483,Producto,Trimestral,275
5,Proveedor,PRODUCE,2863,Producto,Semanal,272
11,Proveedor,PRODUCE,2988,Producto,Mensual,368
7,Proveedor,PRODUCE,2213,Producto,Mensual,497
11,Proveedor,PRODUCE,2154,Producto,Trimestral,325
17,Proveedor,PRODUCE,442,Producto,Diario,490
11,Proveedor,PRODUCE,798,Producto,Trimestral,76
14,Proveedor,PRODUCE,107,Producto,Trimestral,300
14,Proveedor,PRODUCE,1654,Producto,Trimestral,198
11,Proveedor,PRODUCE,2480,Producto,Mensual,456
1,Proveedor,PRODUCE,463,Producto,Semanal,108
5,Proveedor,PRODUCE,2461,Producto,Diario,438
16,Proveedor,PRODUCE,1280,Producto,Diario,66
10,Proveedor,PRODUCE,2036,Producto,Trimestral,398
13,Proveedor,PRODUCE,300,Producto,Trimestral,466
13,Proveedor,PRODUCE,1920,Producto,Mensual,271
7,Proveedor,PRODUCE,1341,Producto,Trimestral,195
17,Proveedor,PRODUCE,1831,Producto,Diario,485
1,Proveedor,PRODUCE,2914,Producto,Semanal,332
19,Proveedor,PRODUCE,325,Producto,Semanal,266
19,Proveedor,PRODUCE,2757,Producto,Trimestral,492
8,Proveedor,PRODUCE,1633,Producto,Semanal,313
14,Proveedor,PRODUCE,2609,Producto,Semanal,456
0,Proveedor,PRODUCE,1635,Producto,Diario,246
13,Proveedor,PRODUCE,2047,Producto,Trimestral,72
0,Proveedor,PRODUCE,1257,Producto,Diario,164
9,Proveedor,PRODUCE,2327,Producto,Diario,468
0,Proveedor,PRODUCE,2910,Producto,Diario,395
14,Proveedor,PRODUCE,399,Producto,Mensual,257
10,Proveedor,PRODUCE,2060,Producto,Semanal,150
4,Proveedor,PRODUCE,1657,Producto,Semanal,367
15,Proveedor,PRODUCE,1202,Producto,Semanal,229
10,Proveedor,PRODUCE,1574,Producto,Semanal,497
18,Proveedor,PRODUCE,136,Producto,Diario,295
14,Proveedor,PRODUCE,1355,Producto,Mensual,374
12,Proveedor,PRODUCE,154,Producto,Diario,82
0,Proveedor,PRODUCE,851,Producto,Semanal,153
5,Proveedor,PRODUCE,1777,Producto,Semanal,396
6,Proveedor,PRODUCE,37,Producto,Semanal,91
0,Proveedor,PRODUCE,1072,Producto,Trimestral,432
2,Proveedor,PRODUCE,1219,Producto,Trimestral,213
12,Proveedor,PRODUCE,784,Producto,Trimestral,79
5,Proveedor,PRODUCE,2014,Producto,Mensual,405
7,Proveedor,PRODUCE,2214,Producto,Trimestral,439
18,Proveedor,PRODUCE,1218,Producto,Mensual,384
13,Proveedor,PRODUCE,2642,Producto,Trimestral,326
8,Proveedor,PRODUCE,2732,Producto,Trimestral,302
13,Proveedor,PRODUCE,1249,Producto,Diario,172
15,Proveedor,PRODUCE,2781,Producto,Mensual,175
9,Proveedor,PRODUCE,2592,Producto,Mensual,217
1,Proveedor,PRODUCE,685,Producto,Semanal,486
9,Proveedor,PRODUCE,2168,Producto,Diario,207
2,Proveedor,PRODUCE,1404,Producto,Mensual,160
5,Proveedor,PRODUCE,2868,Producto,Semanal,487
5,Proveedor,PRODUCE,2584,Producto,Mensual,149
7,Proveedor,PRODUCE,2193,Producto,Mensual,168
15,Proveedor,PRODUCE,1608,Producto,Diario,175
